text,category,priority,recommendation,sla,city,area
"Hello team, Consumed the protein powder and experienced severe stomach cramps, nausea, and vomiting. Need a response soon. Thanks.",Product,High,"Contact the customer immediately to assess health/safety impact. Issue a full refund, ship a free replacement, and escalate to the QA team to investigate batch contamination.",24 hours,Surat,Adajan
"Hello team, The multivitamin gummies have mold growing inside the jar. This is extremely hazardous. Need a response soon. Thanks.",Product,High,"Contact the customer immediately to assess health/safety impact. Issue a full refund, ship a free replacement, and escalate to the QA team to investigate batch contamination.",24 hours,Pune,Bandra
"Complaint: Experienced an intense allergic skin reaction, redness, and itching after applying the face cream. Batch No: BATCH-3286.",Product,High,"Contact the customer immediately to assess health/safety impact. Issue a full refund, ship a free replacement, and escalate to the QA team to investigate batch contamination.",24 hours,Surat,Juhu
"Dear Support, The lavender oil gave me a terrible chemical burn and skin irritation. Please look into this batch. Please resolve this.",Product,High,"Contact the customer immediately to assess health/safety impact. Issue a full refund, ship a free replacement, and escalate to the QA team to investigate batch contamination.",24 hours,Delhi,Navrangpura
"Dear Support, Found tiny metal shavings/wire inside the capsules of my herbal supplement bottle. Very dangerous! Please resolve this.",Product,High,"Contact the customer immediately to assess health/safety impact. Issue a full refund, ship a free replacement, and escalate to the QA team to investigate batch contamination.",24 hours,Surat,Satellite
Complaint: The collagen drink smelled rotten and gave my wife severe food poisoning. She had to visit the hospital. Batch No: BATCH-4811.,Product,High,"Contact the customer immediately to assess health/safety impact. Issue a full refund, ship a free replacement, and escalate to the QA team to investigate batch contamination.",24 hours,Delhi,Saket
"Dear Support, This product is contaminated. There are dark particles floating in the liquid wellness syrup. Please resolve this.",Product,High,"Contact the customer immediately to assess health/safety impact. Issue a full refund, ship a free replacement, and escalate to the QA team to investigate batch contamination.",24 hours,Delhi,Bandra
"Hello team, The weight loss capsules caused extreme heart palpitations and dizziness immediately after consumption. Need a response soon. Thanks.",Product,High,"Contact the customer immediately to assess health/safety impact. Issue a full refund, ship a free replacement, and escalate to the QA team to investigate batch contamination.",24 hours,Delhi,Navrangpura
Complaint: The vitamin C drops taste like pure chemicals and made my tongue swell up. I need this checked. Batch No: BATCH-8359.,Product,High,"Contact the customer immediately to assess health/safety impact. Issue a full refund, ship a free replacement, and escalate to the QA team to investigate batch contamination.",24 hours,Delhi,Dwarka
"Dear Support, The massage oil caused a severe rash and hives across my back. I am demanding a refund. Please resolve this.",Product,High,"Contact the customer immediately to assess health/safety impact. Issue a full refund, ship a free replacement, and escalate to the QA team to investigate batch contamination.",24 hours,Ahmedabad,Navrangpura
"Urgent: Consumed the protein powder and experienced severe stomach cramps, nausea, and vomiting.",Product,High,"Contact the customer immediately to assess health/safety impact. Issue a full refund, ship a free replacement, and escalate to the QA team to investigate batch contamination.",24 hours,Pune,Kothrud
Complaint: The multivitamin gummies have mold growing inside the jar. This is extremely hazardous. Batch No: BATCH-6514.,Product,High,"Contact the customer immediately to assess health/safety impact. Issue a full refund, ship a free replacement, and escalate to the QA team to investigate batch contamination.",24 hours,Surat,Satellite
"Experienced an intense allergic skin reaction, redness, and itching after applying the face cream. I am very disappointed.",Product,High,"Contact the customer immediately to assess health/safety impact. Issue a full refund, ship a free replacement, and escalate to the QA team to investigate batch contamination.",24 hours,Surat,Vesu
Urgent: The lavender oil gave me a terrible chemical burn and skin irritation. Please look into this batch.,Product,High,"Contact the customer immediately to assess health/safety impact. Issue a full refund, ship a free replacement, and escalate to the QA team to investigate batch contamination.",24 hours,Delhi,Dwarka
"Dear Support, Found tiny metal shavings/wire inside the capsules of my herbal supplement bottle. Very dangerous! Please resolve this.",Product,High,"Contact the customer immediately to assess health/safety impact. Issue a full refund, ship a free replacement, and escalate to the QA team to investigate batch contamination.",24 hours,Mumbai,Juhu
"Dear Support, The collagen drink smelled rotten and gave my wife severe food poisoning. She had to visit the hospital. Please resolve this.",Product,High,"Contact the customer immediately to assess health/safety impact. Issue a full refund, ship a free replacement, and escalate to the QA team to investigate batch contamination.",24 hours,Mumbai,Satellite
This product is contaminated. There are dark particles floating in the liquid wellness syrup.,Product,High,"Contact the customer immediately to assess health/safety impact. Issue a full refund, ship a free replacement, and escalate to the QA team to investigate batch contamination.",24 hours,Pune,Saket
Urgent: The weight loss capsules caused extreme heart palpitations and dizziness immediately after consumption.,Product,High,"Contact the customer immediately to assess health/safety impact. Issue a full refund, ship a free replacement, and escalate to the QA team to investigate batch contamination.",24 hours,Delhi,Bandra
"Hello team, The vitamin C drops taste like pure chemicals and made my tongue swell up. I need this checked. Need a response soon. Thanks.",Product,High,"Contact the customer immediately to assess health/safety impact. Issue a full refund, ship a free replacement, and escalate to the QA team to investigate batch contamination.",24 hours,Surat,Adajan
"Hello team, The massage oil caused a severe rash and hives across my back. I am demanding a refund. Need a response soon. Thanks.",Product,High,"Contact the customer immediately to assess health/safety impact. Issue a full refund, ship a free replacement, and escalate to the QA team to investigate batch contamination.",24 hours,Ahmedabad,Dwarka
"Dear Support, Consumed the protein powder and experienced severe stomach cramps, nausea, and vomiting. Please resolve this.",Product,High,"Contact the customer immediately to assess health/safety impact. Issue a full refund, ship a free replacement, and escalate to the QA team to investigate batch contamination.",24 hours,Ahmedabad,Satellite
The multivitamin gummies have mold growing inside the jar. This is extremely hazardous. I am very disappointed.,Product,High,"Contact the customer immediately to assess health/safety impact. Issue a full refund, ship a free replacement, and escalate to the QA team to investigate batch contamination.",24 hours,Pune,Baner
"Hello team, Experienced an intense allergic skin reaction, redness, and itching after applying the face cream. Need a response soon. Thanks.",Product,High,"Contact the customer immediately to assess health/safety impact. Issue a full refund, ship a free replacement, and escalate to the QA team to investigate batch contamination.",24 hours,Pune,Kothrud
Urgent: The lavender oil gave me a terrible chemical burn and skin irritation. Please look into this batch.,Product,High,"Contact the customer immediately to assess health/safety impact. Issue a full refund, ship a free replacement, and escalate to the QA team to investigate batch contamination.",24 hours,Pune,Bandra
"Hello team, Found tiny metal shavings/wire inside the capsules of my herbal supplement bottle. Very dangerous! Need a response soon. Thanks.",Product,High,"Contact the customer immediately to assess health/safety impact. Issue a full refund, ship a free replacement, and escalate to the QA team to investigate batch contamination.",24 hours,Pune,Satellite
The collagen drink smelled rotten and gave my wife severe food poisoning. She had to visit the hospital.,Product,High,"Contact the customer immediately to assess health/safety impact. Issue a full refund, ship a free replacement, and escalate to the QA team to investigate batch contamination.",24 hours,Ahmedabad,Juhu
"Hello team, This product is contaminated. There are dark particles floating in the liquid wellness syrup. Need a response soon. Thanks.",Product,High,"Contact the customer immediately to assess health/safety impact. Issue a full refund, ship a free replacement, and escalate to the QA team to investigate batch contamination.",24 hours,Ahmedabad,Kothrud
The weight loss capsules caused extreme heart palpitations and dizziness immediately after consumption. I am very disappointed.,Product,High,"Contact the customer immediately to assess health/safety impact. Issue a full refund, ship a free replacement, and escalate to the QA team to investigate batch contamination.",24 hours,Mumbai,Dwarka
"Hello team, The vitamin C drops taste like pure chemicals and made my tongue swell up. I need this checked. Need a response soon. Thanks.",Product,High,"Contact the customer immediately to assess health/safety impact. Issue a full refund, ship a free replacement, and escalate to the QA team to investigate batch contamination.",24 hours,Delhi,Bandra
"Hello team, The massage oil caused a severe rash and hives across my back. I am demanding a refund. Need a response soon. Thanks.",Product,High,"Contact the customer immediately to assess health/safety impact. Issue a full refund, ship a free replacement, and escalate to the QA team to investigate batch contamination.",24 hours,Pune,Adajan
"Complaint: Consumed the protein powder and experienced severe stomach cramps, nausea, and vomiting. Batch No: BATCH-1525.",Product,High,"Contact the customer immediately to assess health/safety impact. Issue a full refund, ship a free replacement, and escalate to the QA team to investigate batch contamination.",24 hours,Pune,Navrangpura
Urgent: The multivitamin gummies have mold growing inside the jar. This is extremely hazardous.,Product,High,"Contact the customer immediately to assess health/safety impact. Issue a full refund, ship a free replacement, and escalate to the QA team to investigate batch contamination.",24 hours,Surat,Bandra
"Experienced an intense allergic skin reaction, redness, and itching after applying the face cream.",Product,High,"Contact the customer immediately to assess health/safety impact. Issue a full refund, ship a free replacement, and escalate to the QA team to investigate batch contamination.",24 hours,Pune,Bandra
"Hello team, The lavender oil gave me a terrible chemical burn and skin irritation. Please look into this batch. Need a response soon. Thanks.",Product,High,"Contact the customer immediately to assess health/safety impact. Issue a full refund, ship a free replacement, and escalate to the QA team to investigate batch contamination.",24 hours,Mumbai,Navrangpura
"Hello team, Found tiny metal shavings/wire inside the capsules of my herbal supplement bottle. Very dangerous! Need a response soon. Thanks.",Product,High,"Contact the customer immediately to assess health/safety impact. Issue a full refund, ship a free replacement, and escalate to the QA team to investigate batch contamination.",24 hours,Mumbai,Kothrud
Urgent: The collagen drink smelled rotten and gave my wife severe food poisoning. She had to visit the hospital.,Product,High,"Contact the customer immediately to assess health/safety impact. Issue a full refund, ship a free replacement, and escalate to the QA team to investigate batch contamination.",24 hours,Ahmedabad,Bandra
"Hello team, This product is contaminated. There are dark particles floating in the liquid wellness syrup. Need a response soon. Thanks.",Product,High,"Contact the customer immediately to assess health/safety impact. Issue a full refund, ship a free replacement, and escalate to the QA team to investigate batch contamination.",24 hours,Delhi,Juhu
Urgent: The weight loss capsules caused extreme heart palpitations and dizziness immediately after consumption.,Product,High,"Contact the customer immediately to assess health/safety impact. Issue a full refund, ship a free replacement, and escalate to the QA team to investigate batch contamination.",24 hours,Delhi,Navrangpura
The vitamin C drops taste like pure chemicals and made my tongue swell up. I need this checked.,Product,High,"Contact the customer immediately to assess health/safety impact. Issue a full refund, ship a free replacement, and escalate to the QA team to investigate batch contamination.",24 hours,Mumbai,Vesu
Complaint: The massage oil caused a severe rash and hives across my back. I am demanding a refund. Batch No: BATCH-3266.,Product,High,"Contact the customer immediately to assess health/safety impact. Issue a full refund, ship a free replacement, and escalate to the QA team to investigate batch contamination.",24 hours,Delhi,Baner
"Dear Support, Consumed the protein powder and experienced severe stomach cramps, nausea, and vomiting. Please resolve this.",Product,High,"Contact the customer immediately to assess health/safety impact. Issue a full refund, ship a free replacement, and escalate to the QA team to investigate batch contamination.",24 hours,Surat,Satellite
Complaint: The multivitamin gummies have mold growing inside the jar. This is extremely hazardous. Batch No: BATCH-3621.,Product,High,"Contact the customer immediately to assess health/safety impact. Issue a full refund, ship a free replacement, and escalate to the QA team to investigate batch contamination.",24 hours,Mumbai,Saket
"Dear Support, Experienced an intense allergic skin reaction, redness, and itching after applying the face cream. Please resolve this.",Product,High,"Contact the customer immediately to assess health/safety impact. Issue a full refund, ship a free replacement, and escalate to the QA team to investigate batch contamination.",24 hours,Mumbai,Navrangpura
The lavender oil gave me a terrible chemical burn and skin irritation. Please look into this batch.,Product,High,"Contact the customer immediately to assess health/safety impact. Issue a full refund, ship a free replacement, and escalate to the QA team to investigate batch contamination.",24 hours,Mumbai,Juhu
Urgent: Found tiny metal shavings/wire inside the capsules of my herbal supplement bottle. Very dangerous!,Product,High,"Contact the customer immediately to assess health/safety impact. Issue a full refund, ship a free replacement, and escalate to the QA team to investigate batch contamination.",24 hours,Delhi,Adajan
"Hello team, The collagen drink smelled rotten and gave my wife severe food poisoning. She had to visit the hospital. Need a response soon. Thanks.",Product,High,"Contact the customer immediately to assess health/safety impact. Issue a full refund, ship a free replacement, and escalate to the QA team to investigate batch contamination.",24 hours,Surat,Juhu
Urgent: This product is contaminated. There are dark particles floating in the liquid wellness syrup.,Product,High,"Contact the customer immediately to assess health/safety impact. Issue a full refund, ship a free replacement, and escalate to the QA team to investigate batch contamination.",24 hours,Pune,Satellite
Urgent: The weight loss capsules caused extreme heart palpitations and dizziness immediately after consumption.,Product,High,"Contact the customer immediately to assess health/safety impact. Issue a full refund, ship a free replacement, and escalate to the QA team to investigate batch contamination.",24 hours,Mumbai,Kothrud
The vitamin C drops taste like pure chemicals and made my tongue swell up. I need this checked. I am very disappointed.,Product,High,"Contact the customer immediately to assess health/safety impact. Issue a full refund, ship a free replacement, and escalate to the QA team to investigate batch contamination.",24 hours,Surat,Dwarka
The massage oil caused a severe rash and hives across my back. I am demanding a refund.,Product,High,"Contact the customer immediately to assess health/safety impact. Issue a full refund, ship a free replacement, and escalate to the QA team to investigate batch contamination.",24 hours,Ahmedabad,Juhu
"Dear Support, The protein powder has a horrible, extremely sweet artificial taste. I cannot drink it. Please resolve this.",Product,Medium,Apologize for the sub-standard quality. Email a prepaid return label to retrieve the item and issue a prompt refund or replacement.,48 hours,Pune,Juhu
Have been using the hair regrowth serum for 6 weeks as directed but have seen zero improvement.,Product,Medium,Apologize for the sub-standard quality. Email a prepaid return label to retrieve the item and issue a prompt refund or replacement.,48 hours,Ahmedabad,Kothrud
Urgent: The flavor of the herbal tea is completely bland and taste-free. It smells stale.,Product,Medium,Apologize for the sub-standard quality. Email a prepaid return label to retrieve the item and issue a prompt refund or replacement.,48 hours,Ahmedabad,Juhu
"The anti-aging cream is greasy, leaves a white cast, and does not absorb at all.",Product,Medium,Apologize for the sub-standard quality. Email a prepaid return label to retrieve the item and issue a prompt refund or replacement.,48 hours,Surat,Saket
Urgent: The product arrived with an expiry date of next week. I cannot finish the bottle in time.,Product,Medium,Apologize for the sub-standard quality. Email a prepaid return label to retrieve the item and issue a prompt refund or replacement.,48 hours,Mumbai,Adajan
"Dear Support, The color of the vitamin C serum has turned completely dark brown, meaning it has oxidized. Please resolve this.",Product,Medium,Apologize for the sub-standard quality. Email a prepaid return label to retrieve the item and issue a prompt refund or replacement.,48 hours,Pune,Dwarka
Complaint: The supplement powder has clumped into hard solid rocks that won't dissolve in water. Batch No: BATCH-1949.,Product,Medium,Apologize for the sub-standard quality. Email a prepaid return label to retrieve the item and issue a prompt refund or replacement.,48 hours,Ahmedabad,Saket
"Dear Support, The fish oil capsules smell extremely fishy and rancid, unlike the previous bottles I bought. Please resolve this.",Product,Medium,Apologize for the sub-standard quality. Email a prepaid return label to retrieve the item and issue a prompt refund or replacement.,48 hours,Surat,Baner
"Dear Support, The ashwagandha drops have a weird muddy texture and taste very bitter. Please resolve this.",Product,Medium,Apologize for the sub-standard quality. Email a prepaid return label to retrieve the item and issue a prompt refund or replacement.,48 hours,Delhi,Kothrud
"Complaint: The consistency of the face lotion is very watery, it keeps leaking out of the bottle. Batch No: BATCH-8787.",Product,Medium,Apologize for the sub-standard quality. Email a prepaid return label to retrieve the item and issue a prompt refund or replacement.,48 hours,Delhi,Kothrud
"Urgent: The protein powder has a horrible, extremely sweet artificial taste. I cannot drink it.",Product,Medium,Apologize for the sub-standard quality. Email a prepaid return label to retrieve the item and issue a prompt refund or replacement.,48 hours,Delhi,Saket
Have been using the hair regrowth serum for 6 weeks as directed but have seen zero improvement. I am very disappointed.,Product,Medium,Apologize for the sub-standard quality. Email a prepaid return label to retrieve the item and issue a prompt refund or replacement.,48 hours,Ahmedabad,Juhu
"Hello team, The flavor of the herbal tea is completely bland and taste-free. It smells stale. Need a response soon. Thanks.",Product,Medium,Apologize for the sub-standard quality. Email a prepaid return label to retrieve the item and issue a prompt refund or replacement.,48 hours,Ahmedabad,Dwarka
"The anti-aging cream is greasy, leaves a white cast, and does not absorb at all. I am very disappointed.",Product,Medium,Apologize for the sub-standard quality. Email a prepaid return label to retrieve the item and issue a prompt refund or replacement.,48 hours,Pune,Baner
The product arrived with an expiry date of next week. I cannot finish the bottle in time.,Product,Medium,Apologize for the sub-standard quality. Email a prepaid return label to retrieve the item and issue a prompt refund or replacement.,48 hours,Mumbai,Satellite
"Complaint: The color of the vitamin C serum has turned completely dark brown, meaning it has oxidized. Batch No: BATCH-4681.",Product,Medium,Apologize for the sub-standard quality. Email a prepaid return label to retrieve the item and issue a prompt refund or replacement.,48 hours,Surat,Vesu
"Dear Support, The supplement powder has clumped into hard solid rocks that won't dissolve in water. Please resolve this.",Product,Medium,Apologize for the sub-standard quality. Email a prepaid return label to retrieve the item and issue a prompt refund or replacement.,48 hours,Delhi,Juhu
"Complaint: The fish oil capsules smell extremely fishy and rancid, unlike the previous bottles I bought. Batch No: BATCH-4608.",Product,Medium,Apologize for the sub-standard quality. Email a prepaid return label to retrieve the item and issue a prompt refund or replacement.,48 hours,Surat,Satellite
"Hello team, The ashwagandha drops have a weird muddy texture and taste very bitter. Need a response soon. Thanks.",Product,Medium,Apologize for the sub-standard quality. Email a prepaid return label to retrieve the item and issue a prompt refund or replacement.,48 hours,Surat,Bandra
"Dear Support, The consistency of the face lotion is very watery, it keeps leaking out of the bottle. Please resolve this.",Product,Medium,Apologize for the sub-standard quality. Email a prepaid return label to retrieve the item and issue a prompt refund or replacement.,48 hours,Surat,Vesu
"Dear Support, The protein powder has a horrible, extremely sweet artificial taste. I cannot drink it. Please resolve this.",Product,Medium,Apologize for the sub-standard quality. Email a prepaid return label to retrieve the item and issue a prompt refund or replacement.,48 hours,Delhi,Bandra
Urgent: Have been using the hair regrowth serum for 6 weeks as directed but have seen zero improvement.,Product,Medium,Apologize for the sub-standard quality. Email a prepaid return label to retrieve the item and issue a prompt refund or replacement.,48 hours,Mumbai,Bandra
The flavor of the herbal tea is completely bland and taste-free. It smells stale.,Product,Medium,Apologize for the sub-standard quality. Email a prepaid return label to retrieve the item and issue a prompt refund or replacement.,48 hours,Ahmedabad,Saket
"The anti-aging cream is greasy, leaves a white cast, and does not absorb at all.",Product,Medium,Apologize for the sub-standard quality. Email a prepaid return label to retrieve the item and issue a prompt refund or replacement.,48 hours,Mumbai,Bandra
The product arrived with an expiry date of next week. I cannot finish the bottle in time. I am very disappointed.,Product,Medium,Apologize for the sub-standard quality. Email a prepaid return label to retrieve the item and issue a prompt refund or replacement.,48 hours,Mumbai,Bandra
"Dear Support, The color of the vitamin C serum has turned completely dark brown, meaning it has oxidized. Please resolve this.",Product,Medium,Apologize for the sub-standard quality. Email a prepaid return label to retrieve the item and issue a prompt refund or replacement.,48 hours,Surat,Navrangpura
Urgent: The supplement powder has clumped into hard solid rocks that won't dissolve in water.,Product,Medium,Apologize for the sub-standard quality. Email a prepaid return label to retrieve the item and issue a prompt refund or replacement.,48 hours,Mumbai,Navrangpura
"The fish oil capsules smell extremely fishy and rancid, unlike the previous bottles I bought. I am very disappointed.",Product,Medium,Apologize for the sub-standard quality. Email a prepaid return label to retrieve the item and issue a prompt refund or replacement.,48 hours,Surat,Satellite
"Dear Support, The ashwagandha drops have a weird muddy texture and taste very bitter. Please resolve this.",Product,Medium,Apologize for the sub-standard quality. Email a prepaid return label to retrieve the item and issue a prompt refund or replacement.,48 hours,Mumbai,Vesu
"Dear Support, The consistency of the face lotion is very watery, it keeps leaking out of the bottle. Please resolve this.",Product,Medium,Apologize for the sub-standard quality. Email a prepaid return label to retrieve the item and issue a prompt refund or replacement.,48 hours,Ahmedabad,Bandra
"Complaint: The protein powder has a horrible, extremely sweet artificial taste. I cannot drink it. Batch No: BATCH-9786.",Product,Medium,Apologize for the sub-standard quality. Email a prepaid return label to retrieve the item and issue a prompt refund or replacement.,48 hours,Mumbai,Kothrud
Have been using the hair regrowth serum for 6 weeks as directed but have seen zero improvement. I am very disappointed.,Product,Medium,Apologize for the sub-standard quality. Email a prepaid return label to retrieve the item and issue a prompt refund or replacement.,48 hours,Ahmedabad,Dwarka
The flavor of the herbal tea is completely bland and taste-free. It smells stale. I am very disappointed.,Product,Medium,Apologize for the sub-standard quality. Email a prepaid return label to retrieve the item and issue a prompt refund or replacement.,48 hours,Ahmedabad,Satellite
"The anti-aging cream is greasy, leaves a white cast, and does not absorb at all. I am very disappointed.",Product,Medium,Apologize for the sub-standard quality. Email a prepaid return label to retrieve the item and issue a prompt refund or replacement.,48 hours,Delhi,Satellite
"Dear Support, The product arrived with an expiry date of next week. I cannot finish the bottle in time. Please resolve this.",Product,Medium,Apologize for the sub-standard quality. Email a prepaid return label to retrieve the item and issue a prompt refund or replacement.,48 hours,Delhi,Adajan
"Dear Support, The color of the vitamin C serum has turned completely dark brown, meaning it has oxidized. Please resolve this.",Product,Medium,Apologize for the sub-standard quality. Email a prepaid return label to retrieve the item and issue a prompt refund or replacement.,48 hours,Ahmedabad,Kothrud
The supplement powder has clumped into hard solid rocks that won't dissolve in water. I am very disappointed.,Product,Medium,Apologize for the sub-standard quality. Email a prepaid return label to retrieve the item and issue a prompt refund or replacement.,48 hours,Mumbai,Baner
"Complaint: The fish oil capsules smell extremely fishy and rancid, unlike the previous bottles I bought. Batch No: BATCH-7570.",Product,Medium,Apologize for the sub-standard quality. Email a prepaid return label to retrieve the item and issue a prompt refund or replacement.,48 hours,Surat,Kothrud
The ashwagandha drops have a weird muddy texture and taste very bitter. I am very disappointed.,Product,Medium,Apologize for the sub-standard quality. Email a prepaid return label to retrieve the item and issue a prompt refund or replacement.,48 hours,Surat,Navrangpura
"Urgent: The consistency of the face lotion is very watery, it keeps leaking out of the bottle.",Product,Medium,Apologize for the sub-standard quality. Email a prepaid return label to retrieve the item and issue a prompt refund or replacement.,48 hours,Mumbai,Dwarka
"The protein powder has a horrible, extremely sweet artificial taste. I cannot drink it. I am very disappointed.",Product,Medium,Apologize for the sub-standard quality. Email a prepaid return label to retrieve the item and issue a prompt refund or replacement.,48 hours,Delhi,Baner
Complaint: Have been using the hair regrowth serum for 6 weeks as directed but have seen zero improvement. Batch No: BATCH-4111.,Product,Medium,Apologize for the sub-standard quality. Email a prepaid return label to retrieve the item and issue a prompt refund or replacement.,48 hours,Pune,Bandra
"Dear Support, The flavor of the herbal tea is completely bland and taste-free. It smells stale. Please resolve this.",Product,Medium,Apologize for the sub-standard quality. Email a prepaid return label to retrieve the item and issue a prompt refund or replacement.,48 hours,Delhi,Juhu
"Dear Support, The anti-aging cream is greasy, leaves a white cast, and does not absorb at all. Please resolve this.",Product,Medium,Apologize for the sub-standard quality. Email a prepaid return label to retrieve the item and issue a prompt refund or replacement.,48 hours,Pune,Adajan
"Dear Support, The product arrived with an expiry date of next week. I cannot finish the bottle in time. Please resolve this.",Product,Medium,Apologize for the sub-standard quality. Email a prepaid return label to retrieve the item and issue a prompt refund or replacement.,48 hours,Delhi,Baner
"The color of the vitamin C serum has turned completely dark brown, meaning it has oxidized.",Product,Medium,Apologize for the sub-standard quality. Email a prepaid return label to retrieve the item and issue a prompt refund or replacement.,48 hours,Delhi,Kothrud
"Dear Support, The supplement powder has clumped into hard solid rocks that won't dissolve in water. Please resolve this.",Product,Medium,Apologize for the sub-standard quality. Email a prepaid return label to retrieve the item and issue a prompt refund or replacement.,48 hours,Delhi,Satellite
"Complaint: The fish oil capsules smell extremely fishy and rancid, unlike the previous bottles I bought. Batch No: BATCH-2122.",Product,Medium,Apologize for the sub-standard quality. Email a prepaid return label to retrieve the item and issue a prompt refund or replacement.,48 hours,Delhi,Satellite
"Hello team, The ashwagandha drops have a weird muddy texture and taste very bitter. Need a response soon. Thanks.",Product,Medium,Apologize for the sub-standard quality. Email a prepaid return label to retrieve the item and issue a prompt refund or replacement.,48 hours,Ahmedabad,Navrangpura
"Dear Support, The consistency of the face lotion is very watery, it keeps leaking out of the bottle. Please resolve this.",Product,Medium,Apologize for the sub-standard quality. Email a prepaid return label to retrieve the item and issue a prompt refund or replacement.,48 hours,Delhi,Bandra
"The face wash texture is slightly more liquid than the previous tube, but it still works okay.",Product,Low,Acknowledge feedback and share details with the R&D team for flavor/texture improvements. Provide a 15% discount coupon for the next order.,72 hours,Delhi,Adajan
The flavor of the orange protein shake is a bit too sour for my liking.,Product,Low,Acknowledge feedback and share details with the R&D team for flavor/texture improvements. Provide a 15% discount coupon for the next order.,72 hours,Surat,Navrangpura
"Hello team, Would like to know if the herbal capsules are suitable for a vegan diet. Need a response soon. Thanks.",Product,Low,Acknowledge feedback and share details with the R&D team for flavor/texture improvements. Provide a 15% discount coupon for the next order.,72 hours,Delhi,Saket
"The tea leaves are ground a bit too fine, so they pass through my strainer.",Product,Low,Acknowledge feedback and share details with the R&D team for flavor/texture improvements. Provide a 15% discount coupon for the next order.,72 hours,Pune,Dwarka
Complaint: The aroma of the chamomile tea is not as strong as I expected from the label description. Batch No: BATCH-6147.,Product,Low,Acknowledge feedback and share details with the R&D team for flavor/texture improvements. Provide a 15% discount coupon for the next order.,72 hours,Ahmedabad,Dwarka
Just wanted to give feedback that the protein bars are a little too hard to chew. I am very disappointed.,Product,Low,Acknowledge feedback and share details with the R&D team for flavor/texture improvements. Provide a 15% discount coupon for the next order.,72 hours,Ahmedabad,Dwarka
Can you confirm if this aloe vera gel is oil-free and non-comedogenic? I am very disappointed.,Product,Low,Acknowledge feedback and share details with the R&D team for flavor/texture improvements. Provide a 15% discount coupon for the next order.,72 hours,Pune,Satellite
"Dear Support, The skin serum feels slightly sticky for the first few minutes after application. Please resolve this.",Product,Low,Acknowledge feedback and share details with the R&D team for flavor/texture improvements. Provide a 15% discount coupon for the next order.,72 hours,Mumbai,Saket
Is there a minor recipe change in the vanilla health shake? The color looks lighter.,Product,Low,Acknowledge feedback and share details with the R&D team for flavor/texture improvements. Provide a 15% discount coupon for the next order.,72 hours,Surat,Satellite
Could you provide more details about the source of the marine collagen in the cream?,Product,Low,Acknowledge feedback and share details with the R&D team for flavor/texture improvements. Provide a 15% discount coupon for the next order.,72 hours,Ahmedabad,Juhu
"Urgent: The face wash texture is slightly more liquid than the previous tube, but it still works okay.",Product,Low,Acknowledge feedback and share details with the R&D team for flavor/texture improvements. Provide a 15% discount coupon for the next order.,72 hours,Ahmedabad,Vesu
"Dear Support, The flavor of the orange protein shake is a bit too sour for my liking. Please resolve this.",Product,Low,Acknowledge feedback and share details with the R&D team for flavor/texture improvements. Provide a 15% discount coupon for the next order.,72 hours,Ahmedabad,Vesu
Urgent: Would like to know if the herbal capsules are suitable for a vegan diet.,Product,Low,Acknowledge feedback and share details with the R&D team for flavor/texture improvements. Provide a 15% discount coupon for the next order.,72 hours,Ahmedabad,Baner
"The tea leaves are ground a bit too fine, so they pass through my strainer.",Product,Low,Acknowledge feedback and share details with the R&D team for flavor/texture improvements. Provide a 15% discount coupon for the next order.,72 hours,Pune,Saket
"Hello team, The aroma of the chamomile tea is not as strong as I expected from the label description. Need a response soon. Thanks.",Product,Low,Acknowledge feedback and share details with the R&D team for flavor/texture improvements. Provide a 15% discount coupon for the next order.,72 hours,Delhi,Adajan
"Hello team, Just wanted to give feedback that the protein bars are a little too hard to chew. Need a response soon. Thanks.",Product,Low,Acknowledge feedback and share details with the R&D team for flavor/texture improvements. Provide a 15% discount coupon for the next order.,72 hours,Delhi,Dwarka
"Hello team, Can you confirm if this aloe vera gel is oil-free and non-comedogenic? Need a response soon. Thanks.",Product,Low,Acknowledge feedback and share details with the R&D team for flavor/texture improvements. Provide a 15% discount coupon for the next order.,72 hours,Surat,Kothrud
Urgent: The skin serum feels slightly sticky for the first few minutes after application.,Product,Low,Acknowledge feedback and share details with the R&D team for flavor/texture improvements. Provide a 15% discount coupon for the next order.,72 hours,Surat,Satellite
"Hello team, Is there a minor recipe change in the vanilla health shake? The color looks lighter. Need a response soon. Thanks.",Product,Low,Acknowledge feedback and share details with the R&D team for flavor/texture improvements. Provide a 15% discount coupon for the next order.,72 hours,Delhi,Kothrud
Urgent: Could you provide more details about the source of the marine collagen in the cream?,Product,Low,Acknowledge feedback and share details with the R&D team for flavor/texture improvements. Provide a 15% discount coupon for the next order.,72 hours,Pune,Saket
"Complaint: The face wash texture is slightly more liquid than the previous tube, but it still works okay. Batch No: BATCH-6617.",Product,Low,Acknowledge feedback and share details with the R&D team for flavor/texture improvements. Provide a 15% discount coupon for the next order.,72 hours,Ahmedabad,Dwarka
The flavor of the orange protein shake is a bit too sour for my liking.,Product,Low,Acknowledge feedback and share details with the R&D team for flavor/texture improvements. Provide a 15% discount coupon for the next order.,72 hours,Mumbai,Dwarka
"Dear Support, Would like to know if the herbal capsules are suitable for a vegan diet. Please resolve this.",Product,Low,Acknowledge feedback and share details with the R&D team for flavor/texture improvements. Provide a 15% discount coupon for the next order.,72 hours,Surat,Navrangpura
"Urgent: The tea leaves are ground a bit too fine, so they pass through my strainer.",Product,Low,Acknowledge feedback and share details with the R&D team for flavor/texture improvements. Provide a 15% discount coupon for the next order.,72 hours,Surat,Adajan
Urgent: The aroma of the chamomile tea is not as strong as I expected from the label description.,Product,Low,Acknowledge feedback and share details with the R&D team for flavor/texture improvements. Provide a 15% discount coupon for the next order.,72 hours,Ahmedabad,Dwarka
Complaint: Just wanted to give feedback that the protein bars are a little too hard to chew. Batch No: BATCH-8239.,Product,Low,Acknowledge feedback and share details with the R&D team for flavor/texture improvements. Provide a 15% discount coupon for the next order.,72 hours,Delhi,Navrangpura
Can you confirm if this aloe vera gel is oil-free and non-comedogenic?,Product,Low,Acknowledge feedback and share details with the R&D team for flavor/texture improvements. Provide a 15% discount coupon for the next order.,72 hours,Surat,Satellite
"Dear Support, The skin serum feels slightly sticky for the first few minutes after application. Please resolve this.",Product,Low,Acknowledge feedback and share details with the R&D team for flavor/texture improvements. Provide a 15% discount coupon for the next order.,72 hours,Ahmedabad,Juhu
"Dear Support, Is there a minor recipe change in the vanilla health shake? The color looks lighter. Please resolve this.",Product,Low,Acknowledge feedback and share details with the R&D team for flavor/texture improvements. Provide a 15% discount coupon for the next order.,72 hours,Pune,Saket
Could you provide more details about the source of the marine collagen in the cream?,Product,Low,Acknowledge feedback and share details with the R&D team for flavor/texture improvements. Provide a 15% discount coupon for the next order.,72 hours,Ahmedabad,Navrangpura
"Complaint: The face wash texture is slightly more liquid than the previous tube, but it still works okay. Batch No: BATCH-1685.",Product,Low,Acknowledge feedback and share details with the R&D team for flavor/texture improvements. Provide a 15% discount coupon for the next order.,72 hours,Pune,Vesu
"Dear Support, The flavor of the orange protein shake is a bit too sour for my liking. Please resolve this.",Product,Low,Acknowledge feedback and share details with the R&D team for flavor/texture improvements. Provide a 15% discount coupon for the next order.,72 hours,Pune,Bandra
"Hello team, Would like to know if the herbal capsules are suitable for a vegan diet. Need a response soon. Thanks.",Product,Low,Acknowledge feedback and share details with the R&D team for flavor/texture improvements. Provide a 15% discount coupon for the next order.,72 hours,Ahmedabad,Satellite
"Urgent: The tea leaves are ground a bit too fine, so they pass through my strainer.",Product,Low,Acknowledge feedback and share details with the R&D team for flavor/texture improvements. Provide a 15% discount coupon for the next order.,72 hours,Delhi,Navrangpura
The aroma of the chamomile tea is not as strong as I expected from the label description.,Product,Low,Acknowledge feedback and share details with the R&D team for flavor/texture improvements. Provide a 15% discount coupon for the next order.,72 hours,Ahmedabad,Bandra
Complaint: Just wanted to give feedback that the protein bars are a little too hard to chew. Batch No: BATCH-3900.,Product,Low,Acknowledge feedback and share details with the R&D team for flavor/texture improvements. Provide a 15% discount coupon for the next order.,72 hours,Mumbai,Adajan
Complaint: Can you confirm if this aloe vera gel is oil-free and non-comedogenic? Batch No: BATCH-6442.,Product,Low,Acknowledge feedback and share details with the R&D team for flavor/texture improvements. Provide a 15% discount coupon for the next order.,72 hours,Mumbai,Bandra
Urgent: The skin serum feels slightly sticky for the first few minutes after application.,Product,Low,Acknowledge feedback and share details with the R&D team for flavor/texture improvements. Provide a 15% discount coupon for the next order.,72 hours,Ahmedabad,Satellite
Is there a minor recipe change in the vanilla health shake? The color looks lighter. I am very disappointed.,Product,Low,Acknowledge feedback and share details with the R&D team for flavor/texture improvements. Provide a 15% discount coupon for the next order.,72 hours,Surat,Baner
Complaint: Could you provide more details about the source of the marine collagen in the cream? Batch No: BATCH-4269.,Product,Low,Acknowledge feedback and share details with the R&D team for flavor/texture improvements. Provide a 15% discount coupon for the next order.,72 hours,Mumbai,Vesu
"Urgent: The face wash texture is slightly more liquid than the previous tube, but it still works okay.",Product,Low,Acknowledge feedback and share details with the R&D team for flavor/texture improvements. Provide a 15% discount coupon for the next order.,72 hours,Ahmedabad,Bandra
"Dear Support, The flavor of the orange protein shake is a bit too sour for my liking. Please resolve this.",Product,Low,Acknowledge feedback and share details with the R&D team for flavor/texture improvements. Provide a 15% discount coupon for the next order.,72 hours,Ahmedabad,Navrangpura
Urgent: Would like to know if the herbal capsules are suitable for a vegan diet.,Product,Low,Acknowledge feedback and share details with the R&D team for flavor/texture improvements. Provide a 15% discount coupon for the next order.,72 hours,Pune,Satellite
"Urgent: The tea leaves are ground a bit too fine, so they pass through my strainer.",Product,Low,Acknowledge feedback and share details with the R&D team for flavor/texture improvements. Provide a 15% discount coupon for the next order.,72 hours,Pune,Juhu
The aroma of the chamomile tea is not as strong as I expected from the label description. I am very disappointed.,Product,Low,Acknowledge feedback and share details with the R&D team for flavor/texture improvements. Provide a 15% discount coupon for the next order.,72 hours,Delhi,Vesu
"Dear Support, Just wanted to give feedback that the protein bars are a little too hard to chew. Please resolve this.",Product,Low,Acknowledge feedback and share details with the R&D team for flavor/texture improvements. Provide a 15% discount coupon for the next order.,72 hours,Surat,Dwarka
Complaint: Can you confirm if this aloe vera gel is oil-free and non-comedogenic? Batch No: BATCH-5349.,Product,Low,Acknowledge feedback and share details with the R&D team for flavor/texture improvements. Provide a 15% discount coupon for the next order.,72 hours,Surat,Satellite
The skin serum feels slightly sticky for the first few minutes after application.,Product,Low,Acknowledge feedback and share details with the R&D team for flavor/texture improvements. Provide a 15% discount coupon for the next order.,72 hours,Mumbai,Vesu
"Hello team, Is there a minor recipe change in the vanilla health shake? The color looks lighter. Need a response soon. Thanks.",Product,Low,Acknowledge feedback and share details with the R&D team for flavor/texture improvements. Provide a 15% discount coupon for the next order.,72 hours,Pune,Navrangpura
Could you provide more details about the source of the marine collagen in the cream?,Product,Low,Acknowledge feedback and share details with the R&D team for flavor/texture improvements. Provide a 15% discount coupon for the next order.,72 hours,Delhi,Satellite
The glass dropper bottle of facial oil arrived completely shattered. Shattered glass is everywhere inside the box. I am very disappointed.,Packaging,High,"Apologize for the safety hazard of damaged packaging. Issue a refund or replacement immediately, and escalate to shipping/QA to review bottle durability.",24 hours,Delhi,Bandra
Urgent: The safety seal on the wellness supplement bottle was torn and open when I opened the parcel.,Packaging,High,"Apologize for the safety hazard of damaged packaging. Issue a refund or replacement immediately, and escalate to shipping/QA to review bottle durability.",24 hours,Surat,Navrangpura
"Dear Support, The lotion bottle was crushed during transit, and the liquid leaked, destroying other items in my delivery. Please resolve this.",Packaging,High,"Apologize for the safety hazard of damaged packaging. Issue a refund or replacement immediately, and escalate to shipping/QA to review bottle durability.",24 hours,Delhi,Juhu
"Hello team, The glass jar of skin ointment is cracked, leaving the product exposed. I cannot use this safely. Need a response soon. Thanks.",Packaging,High,"Apologize for the safety hazard of damaged packaging. Issue a refund or replacement immediately, and escalate to shipping/QA to review bottle durability.",24 hours,Ahmedabad,Vesu
"The child-resistant safety cap on the supplement bottle was cracked, causing pills to spill out. I am very disappointed.",Packaging,High,"Apologize for the safety hazard of damaged packaging. Issue a refund or replacement immediately, and escalate to shipping/QA to review bottle durability.",24 hours,Surat,Vesu
"The body wash bottle cap was broken, and the entire liquid leaked out, soaking the cardboard box.",Packaging,High,"Apologize for the safety hazard of damaged packaging. Issue a refund or replacement immediately, and escalate to shipping/QA to review bottle durability.",24 hours,Pune,Satellite
"Hello team, The seal under the cap was missing completely on this protein powder tub. Is it safe to use? Need a response soon. Thanks.",Packaging,High,"Apologize for the safety hazard of damaged packaging. Issue a refund or replacement immediately, and escalate to shipping/QA to review bottle durability.",24 hours,Pune,Juhu
"Urgent: The glass bottle of massage oil broke in transit, and oil ruined my table where the box was kept.",Packaging,High,"Apologize for the safety hazard of damaged packaging. Issue a refund or replacement immediately, and escalate to shipping/QA to review bottle durability.",24 hours,Mumbai,Vesu
Received a damaged and opened tube of cream with product oozing out of the side seam. I am very disappointed.,Packaging,High,"Apologize for the safety hazard of damaged packaging. Issue a refund or replacement immediately, and escalate to shipping/QA to review bottle durability.",24 hours,Pune,Juhu
"Complaint: The packaging box arrived open, and the bottle inside was cracked, causing liquid to spill. Batch No: BATCH-4143.",Packaging,High,"Apologize for the safety hazard of damaged packaging. Issue a refund or replacement immediately, and escalate to shipping/QA to review bottle durability.",24 hours,Mumbai,Navrangpura
"Hello team, The glass dropper bottle of facial oil arrived completely shattered. Shattered glass is everywhere inside the box. Need a response soon. Thanks.",Packaging,High,"Apologize for the safety hazard of damaged packaging. Issue a refund or replacement immediately, and escalate to shipping/QA to review bottle durability.",24 hours,Ahmedabad,Saket
The safety seal on the wellness supplement bottle was torn and open when I opened the parcel.,Packaging,High,"Apologize for the safety hazard of damaged packaging. Issue a refund or replacement immediately, and escalate to shipping/QA to review bottle durability.",24 hours,Pune,Navrangpura
"The lotion bottle was crushed during transit, and the liquid leaked, destroying other items in my delivery.",Packaging,High,"Apologize for the safety hazard of damaged packaging. Issue a refund or replacement immediately, and escalate to shipping/QA to review bottle durability.",24 hours,Surat,Dwarka
"Urgent: The glass jar of skin ointment is cracked, leaving the product exposed. I cannot use this safely.",Packaging,High,"Apologize for the safety hazard of damaged packaging. Issue a refund or replacement immediately, and escalate to shipping/QA to review bottle durability.",24 hours,Ahmedabad,Navrangpura
"The child-resistant safety cap on the supplement bottle was cracked, causing pills to spill out.",Packaging,High,"Apologize for the safety hazard of damaged packaging. Issue a refund or replacement immediately, and escalate to shipping/QA to review bottle durability.",24 hours,Delhi,Vesu
"The body wash bottle cap was broken, and the entire liquid leaked out, soaking the cardboard box. I am very disappointed.",Packaging,High,"Apologize for the safety hazard of damaged packaging. Issue a refund or replacement immediately, and escalate to shipping/QA to review bottle durability.",24 hours,Mumbai,Baner
"Hello team, The seal under the cap was missing completely on this protein powder tub. Is it safe to use? Need a response soon. Thanks.",Packaging,High,"Apologize for the safety hazard of damaged packaging. Issue a refund or replacement immediately, and escalate to shipping/QA to review bottle durability.",24 hours,Ahmedabad,Juhu
"The glass bottle of massage oil broke in transit, and oil ruined my table where the box was kept. I am very disappointed.",Packaging,High,"Apologize for the safety hazard of damaged packaging. Issue a refund or replacement immediately, and escalate to shipping/QA to review bottle durability.",24 hours,Ahmedabad,Satellite
Urgent: Received a damaged and opened tube of cream with product oozing out of the side seam.,Packaging,High,"Apologize for the safety hazard of damaged packaging. Issue a refund or replacement immediately, and escalate to shipping/QA to review bottle durability.",24 hours,Delhi,Saket
"Urgent: The packaging box arrived open, and the bottle inside was cracked, causing liquid to spill.",Packaging,High,"Apologize for the safety hazard of damaged packaging. Issue a refund or replacement immediately, and escalate to shipping/QA to review bottle durability.",24 hours,Surat,Bandra
"Hello team, The glass dropper bottle of facial oil arrived completely shattered. Shattered glass is everywhere inside the box. Need a response soon. Thanks.",Packaging,High,"Apologize for the safety hazard of damaged packaging. Issue a refund or replacement immediately, and escalate to shipping/QA to review bottle durability.",24 hours,Pune,Bandra
Complaint: The safety seal on the wellness supplement bottle was torn and open when I opened the parcel. Batch No: BATCH-3414.,Packaging,High,"Apologize for the safety hazard of damaged packaging. Issue a refund or replacement immediately, and escalate to shipping/QA to review bottle durability.",24 hours,Surat,Adajan
"Complaint: The lotion bottle was crushed during transit, and the liquid leaked, destroying other items in my delivery. Batch No: BATCH-8784.",Packaging,High,"Apologize for the safety hazard of damaged packaging. Issue a refund or replacement immediately, and escalate to shipping/QA to review bottle durability.",24 hours,Delhi,Satellite
"The glass jar of skin ointment is cracked, leaving the product exposed. I cannot use this safely. I am very disappointed.",Packaging,High,"Apologize for the safety hazard of damaged packaging. Issue a refund or replacement immediately, and escalate to shipping/QA to review bottle durability.",24 hours,Mumbai,Saket
"Complaint: The child-resistant safety cap on the supplement bottle was cracked, causing pills to spill out. Batch No: BATCH-7291.",Packaging,High,"Apologize for the safety hazard of damaged packaging. Issue a refund or replacement immediately, and escalate to shipping/QA to review bottle durability.",24 hours,Mumbai,Navrangpura
"Complaint: The body wash bottle cap was broken, and the entire liquid leaked out, soaking the cardboard box. Batch No: BATCH-3417.",Packaging,High,"Apologize for the safety hazard of damaged packaging. Issue a refund or replacement immediately, and escalate to shipping/QA to review bottle durability.",24 hours,Surat,Satellite
The seal under the cap was missing completely on this protein powder tub. Is it safe to use? I am very disappointed.,Packaging,High,"Apologize for the safety hazard of damaged packaging. Issue a refund or replacement immediately, and escalate to shipping/QA to review bottle durability.",24 hours,Ahmedabad,Kothrud
"Hello team, The glass bottle of massage oil broke in transit, and oil ruined my table where the box was kept. Need a response soon. Thanks.",Packaging,High,"Apologize for the safety hazard of damaged packaging. Issue a refund or replacement immediately, and escalate to shipping/QA to review bottle durability.",24 hours,Delhi,Baner
"Dear Support, Received a damaged and opened tube of cream with product oozing out of the side seam. Please resolve this.",Packaging,High,"Apologize for the safety hazard of damaged packaging. Issue a refund or replacement immediately, and escalate to shipping/QA to review bottle durability.",24 hours,Delhi,Bandra
"Dear Support, The packaging box arrived open, and the bottle inside was cracked, causing liquid to spill. Please resolve this.",Packaging,High,"Apologize for the safety hazard of damaged packaging. Issue a refund or replacement immediately, and escalate to shipping/QA to review bottle durability.",24 hours,Mumbai,Kothrud
The glass dropper bottle of facial oil arrived completely shattered. Shattered glass is everywhere inside the box. I am very disappointed.,Packaging,High,"Apologize for the safety hazard of damaged packaging. Issue a refund or replacement immediately, and escalate to shipping/QA to review bottle durability.",24 hours,Delhi,Juhu
The safety seal on the wellness supplement bottle was torn and open when I opened the parcel.,Packaging,High,"Apologize for the safety hazard of damaged packaging. Issue a refund or replacement immediately, and escalate to shipping/QA to review bottle durability.",24 hours,Pune,Baner
"The lotion bottle was crushed during transit, and the liquid leaked, destroying other items in my delivery.",Packaging,High,"Apologize for the safety hazard of damaged packaging. Issue a refund or replacement immediately, and escalate to shipping/QA to review bottle durability.",24 hours,Delhi,Navrangpura
"The glass jar of skin ointment is cracked, leaving the product exposed. I cannot use this safely.",Packaging,High,"Apologize for the safety hazard of damaged packaging. Issue a refund or replacement immediately, and escalate to shipping/QA to review bottle durability.",24 hours,Mumbai,Kothrud
"Hello team, The child-resistant safety cap on the supplement bottle was cracked, causing pills to spill out. Need a response soon. Thanks.",Packaging,High,"Apologize for the safety hazard of damaged packaging. Issue a refund or replacement immediately, and escalate to shipping/QA to review bottle durability.",24 hours,Mumbai,Baner
"Urgent: The body wash bottle cap was broken, and the entire liquid leaked out, soaking the cardboard box.",Packaging,High,"Apologize for the safety hazard of damaged packaging. Issue a refund or replacement immediately, and escalate to shipping/QA to review bottle durability.",24 hours,Ahmedabad,Dwarka
The seal under the cap was missing completely on this protein powder tub. Is it safe to use?,Packaging,High,"Apologize for the safety hazard of damaged packaging. Issue a refund or replacement immediately, and escalate to shipping/QA to review bottle durability.",24 hours,Mumbai,Bandra
"Urgent: The glass bottle of massage oil broke in transit, and oil ruined my table where the box was kept.",Packaging,High,"Apologize for the safety hazard of damaged packaging. Issue a refund or replacement immediately, and escalate to shipping/QA to review bottle durability.",24 hours,Mumbai,Satellite
"Hello team, Received a damaged and opened tube of cream with product oozing out of the side seam. Need a response soon. Thanks.",Packaging,High,"Apologize for the safety hazard of damaged packaging. Issue a refund or replacement immediately, and escalate to shipping/QA to review bottle durability.",24 hours,Pune,Bandra
"Urgent: The packaging box arrived open, and the bottle inside was cracked, causing liquid to spill.",Packaging,High,"Apologize for the safety hazard of damaged packaging. Issue a refund or replacement immediately, and escalate to shipping/QA to review bottle durability.",24 hours,Pune,Vesu
The glass dropper bottle of facial oil arrived completely shattered. Shattered glass is everywhere inside the box.,Packaging,High,"Apologize for the safety hazard of damaged packaging. Issue a refund or replacement immediately, and escalate to shipping/QA to review bottle durability.",24 hours,Surat,Kothrud
Complaint: The safety seal on the wellness supplement bottle was torn and open when I opened the parcel. Batch No: BATCH-4788.,Packaging,High,"Apologize for the safety hazard of damaged packaging. Issue a refund or replacement immediately, and escalate to shipping/QA to review bottle durability.",24 hours,Mumbai,Kothrud
"Hello team, The lotion bottle was crushed during transit, and the liquid leaked, destroying other items in my delivery. Need a response soon. Thanks.",Packaging,High,"Apologize for the safety hazard of damaged packaging. Issue a refund or replacement immediately, and escalate to shipping/QA to review bottle durability.",24 hours,Ahmedabad,Satellite
"The glass jar of skin ointment is cracked, leaving the product exposed. I cannot use this safely. I am very disappointed.",Packaging,High,"Apologize for the safety hazard of damaged packaging. Issue a refund or replacement immediately, and escalate to shipping/QA to review bottle durability.",24 hours,Mumbai,Vesu
"The child-resistant safety cap on the supplement bottle was cracked, causing pills to spill out.",Packaging,High,"Apologize for the safety hazard of damaged packaging. Issue a refund or replacement immediately, and escalate to shipping/QA to review bottle durability.",24 hours,Mumbai,Navrangpura
"Dear Support, The body wash bottle cap was broken, and the entire liquid leaked out, soaking the cardboard box. Please resolve this.",Packaging,High,"Apologize for the safety hazard of damaged packaging. Issue a refund or replacement immediately, and escalate to shipping/QA to review bottle durability.",24 hours,Ahmedabad,Navrangpura
The seal under the cap was missing completely on this protein powder tub. Is it safe to use? I am very disappointed.,Packaging,High,"Apologize for the safety hazard of damaged packaging. Issue a refund or replacement immediately, and escalate to shipping/QA to review bottle durability.",24 hours,Delhi,Adajan
"The glass bottle of massage oil broke in transit, and oil ruined my table where the box was kept.",Packaging,High,"Apologize for the safety hazard of damaged packaging. Issue a refund or replacement immediately, and escalate to shipping/QA to review bottle durability.",24 hours,Mumbai,Baner
"Dear Support, Received a damaged and opened tube of cream with product oozing out of the side seam. Please resolve this.",Packaging,High,"Apologize for the safety hazard of damaged packaging. Issue a refund or replacement immediately, and escalate to shipping/QA to review bottle durability.",24 hours,Pune,Dwarka
"The packaging box arrived open, and the bottle inside was cracked, causing liquid to spill. I am very disappointed.",Packaging,High,"Apologize for the safety hazard of damaged packaging. Issue a refund or replacement immediately, and escalate to shipping/QA to review bottle durability.",24 hours,Mumbai,Juhu
"Hello team, The pump on the face serum bottle is jammed and won't dispense any liquid. Need a response soon. Thanks.",Packaging,Medium,"Apologize for the inconvenience. Ship a replacement pump/dispenser or a new product, and report the transit damage to the logistics department.",48 hours,Delhi,Saket
Complaint: The child-lock mechanism on the vitamin bottle is defective; it spins freely and won't open. Batch No: BATCH-8999.,Packaging,Medium,"Apologize for the inconvenience. Ship a replacement pump/dispenser or a new product, and report the transit damage to the logistics department.",48 hours,Ahmedabad,Dwarka
The spray nozzle on the rose water mist is blocked and shoots a stream instead of a fine mist. I am very disappointed.,Packaging,Medium,"Apologize for the inconvenience. Ship a replacement pump/dispenser or a new product, and report the transit damage to the logistics department.",48 hours,Mumbai,Adajan
The printed dosage instructions on the back of the package are extremely blurry and unreadable. I am very disappointed.,Packaging,Medium,"Apologize for the inconvenience. Ship a replacement pump/dispenser or a new product, and report the transit damage to the logistics department.",48 hours,Pune,Navrangpura
"Hello team, The cap on the oil bottle does not close tightly, causing it to slow-leak when stored horizontally. Need a response soon. Thanks.",Packaging,Medium,"Apologize for the inconvenience. Ship a replacement pump/dispenser or a new product, and report the transit damage to the logistics department.",48 hours,Ahmedabad,Baner
Complaint: The dropper bulb is torn and does not suck up the liquid oil from the bottle. Batch No: BATCH-9751.,Packaging,Medium,"Apologize for the inconvenience. Ship a replacement pump/dispenser or a new product, and report the transit damage to the logistics department.",48 hours,Surat,Navrangpura
"The label on the supplement bottle is peeling off, and I can't read the allergy warnings.",Packaging,Medium,"Apologize for the inconvenience. Ship a replacement pump/dispenser or a new product, and report the transit damage to the logistics department.",48 hours,Delhi,Adajan
"Dear Support, The flip-top lid on the tube of face scrub snapped off on the first day of use. Please resolve this.",Packaging,Medium,"Apologize for the inconvenience. Ship a replacement pump/dispenser or a new product, and report the transit damage to the logistics department.",48 hours,Mumbai,Kothrud
The package design makes it very difficult to squeeze out the thick paste from the tube. I am very disappointed.,Packaging,Medium,"Apologize for the inconvenience. Ship a replacement pump/dispenser or a new product, and report the transit damage to the logistics department.",48 hours,Ahmedabad,Adajan
Urgent: The scoop inside the protein powder tub was broken in half.,Packaging,Medium,"Apologize for the inconvenience. Ship a replacement pump/dispenser or a new product, and report the transit damage to the logistics department.",48 hours,Mumbai,Vesu
Complaint: The pump on the face serum bottle is jammed and won't dispense any liquid. Batch No: BATCH-8449.,Packaging,Medium,"Apologize for the inconvenience. Ship a replacement pump/dispenser or a new product, and report the transit damage to the logistics department.",48 hours,Pune,Vesu
The child-lock mechanism on the vitamin bottle is defective; it spins freely and won't open. I am very disappointed.,Packaging,Medium,"Apologize for the inconvenience. Ship a replacement pump/dispenser or a new product, and report the transit damage to the logistics department.",48 hours,Pune,Navrangpura
Urgent: The spray nozzle on the rose water mist is blocked and shoots a stream instead of a fine mist.,Packaging,Medium,"Apologize for the inconvenience. Ship a replacement pump/dispenser or a new product, and report the transit damage to the logistics department.",48 hours,Surat,Baner
"Dear Support, The printed dosage instructions on the back of the package are extremely blurry and unreadable. Please resolve this.",Packaging,Medium,"Apologize for the inconvenience. Ship a replacement pump/dispenser or a new product, and report the transit damage to the logistics department.",48 hours,Delhi,Adajan
"Urgent: The cap on the oil bottle does not close tightly, causing it to slow-leak when stored horizontally.",Packaging,Medium,"Apologize for the inconvenience. Ship a replacement pump/dispenser or a new product, and report the transit damage to the logistics department.",48 hours,Ahmedabad,Satellite
"Hello team, The dropper bulb is torn and does not suck up the liquid oil from the bottle. Need a response soon. Thanks.",Packaging,Medium,"Apologize for the inconvenience. Ship a replacement pump/dispenser or a new product, and report the transit damage to the logistics department.",48 hours,Surat,Adajan
"Complaint: The label on the supplement bottle is peeling off, and I can't read the allergy warnings. Batch No: BATCH-4266.",Packaging,Medium,"Apologize for the inconvenience. Ship a replacement pump/dispenser or a new product, and report the transit damage to the logistics department.",48 hours,Surat,Saket
Complaint: The flip-top lid on the tube of face scrub snapped off on the first day of use. Batch No: BATCH-4908.,Packaging,Medium,"Apologize for the inconvenience. Ship a replacement pump/dispenser or a new product, and report the transit damage to the logistics department.",48 hours,Ahmedabad,Baner
"Hello team, The package design makes it very difficult to squeeze out the thick paste from the tube. Need a response soon. Thanks.",Packaging,Medium,"Apologize for the inconvenience. Ship a replacement pump/dispenser or a new product, and report the transit damage to the logistics department.",48 hours,Surat,Saket
Complaint: The scoop inside the protein powder tub was broken in half. Batch No: BATCH-8619.,Packaging,Medium,"Apologize for the inconvenience. Ship a replacement pump/dispenser or a new product, and report the transit damage to the logistics department.",48 hours,Pune,Vesu
Complaint: The pump on the face serum bottle is jammed and won't dispense any liquid. Batch No: BATCH-2876.,Packaging,Medium,"Apologize for the inconvenience. Ship a replacement pump/dispenser or a new product, and report the transit damage to the logistics department.",48 hours,Ahmedabad,Dwarka
"Dear Support, The child-lock mechanism on the vitamin bottle is defective; it spins freely and won't open. Please resolve this.",Packaging,Medium,"Apologize for the inconvenience. Ship a replacement pump/dispenser or a new product, and report the transit damage to the logistics department.",48 hours,Delhi,Adajan
Urgent: The spray nozzle on the rose water mist is blocked and shoots a stream instead of a fine mist.,Packaging,Medium,"Apologize for the inconvenience. Ship a replacement pump/dispenser or a new product, and report the transit damage to the logistics department.",48 hours,Delhi,Navrangpura
The printed dosage instructions on the back of the package are extremely blurry and unreadable. I am very disappointed.,Packaging,Medium,"Apologize for the inconvenience. Ship a replacement pump/dispenser or a new product, and report the transit damage to the logistics department.",48 hours,Ahmedabad,Satellite
"The cap on the oil bottle does not close tightly, causing it to slow-leak when stored horizontally.",Packaging,Medium,"Apologize for the inconvenience. Ship a replacement pump/dispenser or a new product, and report the transit damage to the logistics department.",48 hours,Ahmedabad,Satellite
"Hello team, The dropper bulb is torn and does not suck up the liquid oil from the bottle. Need a response soon. Thanks.",Packaging,Medium,"Apologize for the inconvenience. Ship a replacement pump/dispenser or a new product, and report the transit damage to the logistics department.",48 hours,Pune,Saket
"Dear Support, The label on the supplement bottle is peeling off, and I can't read the allergy warnings. Please resolve this.",Packaging,Medium,"Apologize for the inconvenience. Ship a replacement pump/dispenser or a new product, and report the transit damage to the logistics department.",48 hours,Delhi,Adajan
Urgent: The flip-top lid on the tube of face scrub snapped off on the first day of use.,Packaging,Medium,"Apologize for the inconvenience. Ship a replacement pump/dispenser or a new product, and report the transit damage to the logistics department.",48 hours,Delhi,Navrangpura
"Hello team, The package design makes it very difficult to squeeze out the thick paste from the tube. Need a response soon. Thanks.",Packaging,Medium,"Apologize for the inconvenience. Ship a replacement pump/dispenser or a new product, and report the transit damage to the logistics department.",48 hours,Pune,Satellite
The scoop inside the protein powder tub was broken in half.,Packaging,Medium,"Apologize for the inconvenience. Ship a replacement pump/dispenser or a new product, and report the transit damage to the logistics department.",48 hours,Pune,Adajan
The pump on the face serum bottle is jammed and won't dispense any liquid. I am very disappointed.,Packaging,Medium,"Apologize for the inconvenience. Ship a replacement pump/dispenser or a new product, and report the transit damage to the logistics department.",48 hours,Mumbai,Satellite
The child-lock mechanism on the vitamin bottle is defective; it spins freely and won't open. I am very disappointed.,Packaging,Medium,"Apologize for the inconvenience. Ship a replacement pump/dispenser or a new product, and report the transit damage to the logistics department.",48 hours,Pune,Baner
"Hello team, The spray nozzle on the rose water mist is blocked and shoots a stream instead of a fine mist. Need a response soon. Thanks.",Packaging,Medium,"Apologize for the inconvenience. Ship a replacement pump/dispenser or a new product, and report the transit damage to the logistics department.",48 hours,Ahmedabad,Navrangpura
Complaint: The printed dosage instructions on the back of the package are extremely blurry and unreadable. Batch No: BATCH-9548.,Packaging,Medium,"Apologize for the inconvenience. Ship a replacement pump/dispenser or a new product, and report the transit damage to the logistics department.",48 hours,Pune,Saket
"The cap on the oil bottle does not close tightly, causing it to slow-leak when stored horizontally.",Packaging,Medium,"Apologize for the inconvenience. Ship a replacement pump/dispenser or a new product, and report the transit damage to the logistics department.",48 hours,Mumbai,Baner
The dropper bulb is torn and does not suck up the liquid oil from the bottle. I am very disappointed.,Packaging,Medium,"Apologize for the inconvenience. Ship a replacement pump/dispenser or a new product, and report the transit damage to the logistics department.",48 hours,Delhi,Dwarka
"Urgent: The label on the supplement bottle is peeling off, and I can't read the allergy warnings.",Packaging,Medium,"Apologize for the inconvenience. Ship a replacement pump/dispenser or a new product, and report the transit damage to the logistics department.",48 hours,Ahmedabad,Satellite
Urgent: The flip-top lid on the tube of face scrub snapped off on the first day of use.,Packaging,Medium,"Apologize for the inconvenience. Ship a replacement pump/dispenser or a new product, and report the transit damage to the logistics department.",48 hours,Mumbai,Bandra
The package design makes it very difficult to squeeze out the thick paste from the tube. I am very disappointed.,Packaging,Medium,"Apologize for the inconvenience. Ship a replacement pump/dispenser or a new product, and report the transit damage to the logistics department.",48 hours,Delhi,Saket
"Hello team, The scoop inside the protein powder tub was broken in half. Need a response soon. Thanks.",Packaging,Medium,"Apologize for the inconvenience. Ship a replacement pump/dispenser or a new product, and report the transit damage to the logistics department.",48 hours,Mumbai,Vesu
"Dear Support, The pump on the face serum bottle is jammed and won't dispense any liquid. Please resolve this.",Packaging,Medium,"Apologize for the inconvenience. Ship a replacement pump/dispenser or a new product, and report the transit damage to the logistics department.",48 hours,Mumbai,Vesu
Complaint: The child-lock mechanism on the vitamin bottle is defective; it spins freely and won't open. Batch No: BATCH-8988.,Packaging,Medium,"Apologize for the inconvenience. Ship a replacement pump/dispenser or a new product, and report the transit damage to the logistics department.",48 hours,Ahmedabad,Vesu
Urgent: The spray nozzle on the rose water mist is blocked and shoots a stream instead of a fine mist.,Packaging,Medium,"Apologize for the inconvenience. Ship a replacement pump/dispenser or a new product, and report the transit damage to the logistics department.",48 hours,Pune,Dwarka
The printed dosage instructions on the back of the package are extremely blurry and unreadable.,Packaging,Medium,"Apologize for the inconvenience. Ship a replacement pump/dispenser or a new product, and report the transit damage to the logistics department.",48 hours,Pune,Juhu
"Dear Support, The cap on the oil bottle does not close tightly, causing it to slow-leak when stored horizontally. Please resolve this.",Packaging,Medium,"Apologize for the inconvenience. Ship a replacement pump/dispenser or a new product, and report the transit damage to the logistics department.",48 hours,Delhi,Bandra
"Dear Support, The dropper bulb is torn and does not suck up the liquid oil from the bottle. Please resolve this.",Packaging,Medium,"Apologize for the inconvenience. Ship a replacement pump/dispenser or a new product, and report the transit damage to the logistics department.",48 hours,Ahmedabad,Navrangpura
"The label on the supplement bottle is peeling off, and I can't read the allergy warnings. I am very disappointed.",Packaging,Medium,"Apologize for the inconvenience. Ship a replacement pump/dispenser or a new product, and report the transit damage to the logistics department.",48 hours,Delhi,Bandra
"Hello team, The flip-top lid on the tube of face scrub snapped off on the first day of use. Need a response soon. Thanks.",Packaging,Medium,"Apologize for the inconvenience. Ship a replacement pump/dispenser or a new product, and report the transit damage to the logistics department.",48 hours,Mumbai,Baner
The package design makes it very difficult to squeeze out the thick paste from the tube. I am very disappointed.,Packaging,Medium,"Apologize for the inconvenience. Ship a replacement pump/dispenser or a new product, and report the transit damage to the logistics department.",48 hours,Surat,Satellite
Urgent: The scoop inside the protein powder tub was broken in half.,Packaging,Medium,"Apologize for the inconvenience. Ship a replacement pump/dispenser or a new product, and report the transit damage to the logistics department.",48 hours,Ahmedabad,Navrangpura
"Hello team, The outer cardboard box was slightly dented, but the bottle inside was perfectly fine. Need a response soon. Thanks.",Packaging,Low,Log the aesthetic packaging issue and notify the production team. Thank the customer for bringing it to our attention.,72 hours,Ahmedabad,Dwarka
"Hello team, The logo print on the shampoo bottle is misaligned and looks slightly cheap. Need a response soon. Thanks.",Packaging,Low,Log the aesthetic packaging issue and notify the production team. Thank the customer for bringing it to our attention.,72 hours,Delhi,Vesu
The packaging is a bit bulky and takes up too much space in my medicine cabinet. I am very disappointed.,Packaging,Low,Log the aesthetic packaging issue and notify the production team. Thank the customer for bringing it to our attention.,72 hours,Delhi,Juhu
"Urgent: The plastic wrap around the bottle was scratched, although the seal was intact.",Packaging,Low,Log the aesthetic packaging issue and notify the production team. Thank the customer for bringing it to our attention.,72 hours,Mumbai,Juhu
Urgent: The color of the pump dispenser cap is different from what was shown in the website image.,Packaging,Low,Log the aesthetic packaging issue and notify the production team. Thank the customer for bringing it to our attention.,72 hours,Pune,Baner
"Urgent: The box had some glue residue on the surface, making it sticky to hold.",Packaging,Low,Log the aesthetic packaging issue and notify the production team. Thank the customer for bringing it to our attention.,72 hours,Pune,Dwarka
Complaint: The text font on the packaging is a bit too small to read easily without glasses. Batch No: BATCH-2976.,Packaging,Low,Log the aesthetic packaging issue and notify the production team. Thank the customer for bringing it to our attention.,72 hours,Ahmedabad,Vesu
"Dear Support, Just a minor suggestion to use eco-friendly paper packaging instead of plastic wraps. Please resolve this.",Packaging,Low,Log the aesthetic packaging issue and notify the production team. Thank the customer for bringing it to our attention.,72 hours,Delhi,Kothrud
"Complaint: The dispenser cap has a minor scratch, but the product works fine. Batch No: BATCH-4545.",Packaging,Low,Log the aesthetic packaging issue and notify the production team. Thank the customer for bringing it to our attention.,72 hours,Mumbai,Dwarka
"Hello team, The outer packaging box did not have the new brand logo on it. Need a response soon. Thanks.",Packaging,Low,Log the aesthetic packaging issue and notify the production team. Thank the customer for bringing it to our attention.,72 hours,Delhi,Juhu
"The outer cardboard box was slightly dented, but the bottle inside was perfectly fine.",Packaging,Low,Log the aesthetic packaging issue and notify the production team. Thank the customer for bringing it to our attention.,72 hours,Pune,Satellite
Complaint: The logo print on the shampoo bottle is misaligned and looks slightly cheap. Batch No: BATCH-5853.,Packaging,Low,Log the aesthetic packaging issue and notify the production team. Thank the customer for bringing it to our attention.,72 hours,Ahmedabad,Vesu
Complaint: The packaging is a bit bulky and takes up too much space in my medicine cabinet. Batch No: BATCH-5952.,Packaging,Low,Log the aesthetic packaging issue and notify the production team. Thank the customer for bringing it to our attention.,72 hours,Surat,Juhu
"Complaint: The plastic wrap around the bottle was scratched, although the seal was intact. Batch No: BATCH-5494.",Packaging,Low,Log the aesthetic packaging issue and notify the production team. Thank the customer for bringing it to our attention.,72 hours,Surat,Adajan
The color of the pump dispenser cap is different from what was shown in the website image.,Packaging,Low,Log the aesthetic packaging issue and notify the production team. Thank the customer for bringing it to our attention.,72 hours,Pune,Kothrud
"Hello team, The box had some glue residue on the surface, making it sticky to hold. Need a response soon. Thanks.",Packaging,Low,Log the aesthetic packaging issue and notify the production team. Thank the customer for bringing it to our attention.,72 hours,Mumbai,Satellite
"Dear Support, The text font on the packaging is a bit too small to read easily without glasses. Please resolve this.",Packaging,Low,Log the aesthetic packaging issue and notify the production team. Thank the customer for bringing it to our attention.,72 hours,Delhi,Dwarka
Just a minor suggestion to use eco-friendly paper packaging instead of plastic wraps. I am very disappointed.,Packaging,Low,Log the aesthetic packaging issue and notify the production team. Thank the customer for bringing it to our attention.,72 hours,Mumbai,Baner
"Urgent: The dispenser cap has a minor scratch, but the product works fine.",Packaging,Low,Log the aesthetic packaging issue and notify the production team. Thank the customer for bringing it to our attention.,72 hours,Ahmedabad,Adajan
Urgent: The outer packaging box did not have the new brand logo on it.,Packaging,Low,Log the aesthetic packaging issue and notify the production team. Thank the customer for bringing it to our attention.,72 hours,Mumbai,Satellite
"Dear Support, The outer cardboard box was slightly dented, but the bottle inside was perfectly fine. Please resolve this.",Packaging,Low,Log the aesthetic packaging issue and notify the production team. Thank the customer for bringing it to our attention.,72 hours,Mumbai,Baner
"Dear Support, The logo print on the shampoo bottle is misaligned and looks slightly cheap. Please resolve this.",Packaging,Low,Log the aesthetic packaging issue and notify the production team. Thank the customer for bringing it to our attention.,72 hours,Delhi,Adajan
Complaint: The packaging is a bit bulky and takes up too much space in my medicine cabinet. Batch No: BATCH-3444.,Packaging,Low,Log the aesthetic packaging issue and notify the production team. Thank the customer for bringing it to our attention.,72 hours,Delhi,Dwarka
"Dear Support, The plastic wrap around the bottle was scratched, although the seal was intact. Please resolve this.",Packaging,Low,Log the aesthetic packaging issue and notify the production team. Thank the customer for bringing it to our attention.,72 hours,Ahmedabad,Satellite
The color of the pump dispenser cap is different from what was shown in the website image.,Packaging,Low,Log the aesthetic packaging issue and notify the production team. Thank the customer for bringing it to our attention.,72 hours,Mumbai,Saket
"The box had some glue residue on the surface, making it sticky to hold.",Packaging,Low,Log the aesthetic packaging issue and notify the production team. Thank the customer for bringing it to our attention.,72 hours,Delhi,Bandra
The text font on the packaging is a bit too small to read easily without glasses.,Packaging,Low,Log the aesthetic packaging issue and notify the production team. Thank the customer for bringing it to our attention.,72 hours,Mumbai,Baner
Just a minor suggestion to use eco-friendly paper packaging instead of plastic wraps. I am very disappointed.,Packaging,Low,Log the aesthetic packaging issue and notify the production team. Thank the customer for bringing it to our attention.,72 hours,Pune,Saket
"The dispenser cap has a minor scratch, but the product works fine. I am very disappointed.",Packaging,Low,Log the aesthetic packaging issue and notify the production team. Thank the customer for bringing it to our attention.,72 hours,Pune,Saket
The outer packaging box did not have the new brand logo on it.,Packaging,Low,Log the aesthetic packaging issue and notify the production team. Thank the customer for bringing it to our attention.,72 hours,Surat,Saket
"Hello team, The outer cardboard box was slightly dented, but the bottle inside was perfectly fine. Need a response soon. Thanks.",Packaging,Low,Log the aesthetic packaging issue and notify the production team. Thank the customer for bringing it to our attention.,72 hours,Surat,Bandra
"Hello team, The logo print on the shampoo bottle is misaligned and looks slightly cheap. Need a response soon. Thanks.",Packaging,Low,Log the aesthetic packaging issue and notify the production team. Thank the customer for bringing it to our attention.,72 hours,Ahmedabad,Dwarka
"Hello team, The packaging is a bit bulky and takes up too much space in my medicine cabinet. Need a response soon. Thanks.",Packaging,Low,Log the aesthetic packaging issue and notify the production team. Thank the customer for bringing it to our attention.,72 hours,Surat,Kothrud
"Complaint: The plastic wrap around the bottle was scratched, although the seal was intact. Batch No: BATCH-3847.",Packaging,Low,Log the aesthetic packaging issue and notify the production team. Thank the customer for bringing it to our attention.,72 hours,Delhi,Satellite
Complaint: The color of the pump dispenser cap is different from what was shown in the website image. Batch No: BATCH-1043.,Packaging,Low,Log the aesthetic packaging issue and notify the production team. Thank the customer for bringing it to our attention.,72 hours,Mumbai,Baner
"Hello team, The box had some glue residue on the surface, making it sticky to hold. Need a response soon. Thanks.",Packaging,Low,Log the aesthetic packaging issue and notify the production team. Thank the customer for bringing it to our attention.,72 hours,Delhi,Baner
Urgent: The text font on the packaging is a bit too small to read easily without glasses.,Packaging,Low,Log the aesthetic packaging issue and notify the production team. Thank the customer for bringing it to our attention.,72 hours,Surat,Bandra
Urgent: Just a minor suggestion to use eco-friendly paper packaging instead of plastic wraps.,Packaging,Low,Log the aesthetic packaging issue and notify the production team. Thank the customer for bringing it to our attention.,72 hours,Pune,Baner
"Dear Support, The dispenser cap has a minor scratch, but the product works fine. Please resolve this.",Packaging,Low,Log the aesthetic packaging issue and notify the production team. Thank the customer for bringing it to our attention.,72 hours,Ahmedabad,Dwarka
"Hello team, The outer packaging box did not have the new brand logo on it. Need a response soon. Thanks.",Packaging,Low,Log the aesthetic packaging issue and notify the production team. Thank the customer for bringing it to our attention.,72 hours,Delhi,Bandra
"The outer cardboard box was slightly dented, but the bottle inside was perfectly fine. I am very disappointed.",Packaging,Low,Log the aesthetic packaging issue and notify the production team. Thank the customer for bringing it to our attention.,72 hours,Surat,Juhu
Complaint: The logo print on the shampoo bottle is misaligned and looks slightly cheap. Batch No: BATCH-3441.,Packaging,Low,Log the aesthetic packaging issue and notify the production team. Thank the customer for bringing it to our attention.,72 hours,Pune,Kothrud
"Dear Support, The packaging is a bit bulky and takes up too much space in my medicine cabinet. Please resolve this.",Packaging,Low,Log the aesthetic packaging issue and notify the production team. Thank the customer for bringing it to our attention.,72 hours,Surat,Kothrud
"Urgent: The plastic wrap around the bottle was scratched, although the seal was intact.",Packaging,Low,Log the aesthetic packaging issue and notify the production team. Thank the customer for bringing it to our attention.,72 hours,Delhi,Saket
Urgent: The color of the pump dispenser cap is different from what was shown in the website image.,Packaging,Low,Log the aesthetic packaging issue and notify the production team. Thank the customer for bringing it to our attention.,72 hours,Mumbai,Satellite
"The box had some glue residue on the surface, making it sticky to hold. I am very disappointed.",Packaging,Low,Log the aesthetic packaging issue and notify the production team. Thank the customer for bringing it to our attention.,72 hours,Pune,Navrangpura
Urgent: The text font on the packaging is a bit too small to read easily without glasses.,Packaging,Low,Log the aesthetic packaging issue and notify the production team. Thank the customer for bringing it to our attention.,72 hours,Delhi,Juhu
Just a minor suggestion to use eco-friendly paper packaging instead of plastic wraps. I am very disappointed.,Packaging,Low,Log the aesthetic packaging issue and notify the production team. Thank the customer for bringing it to our attention.,72 hours,Mumbai,Satellite
"The dispenser cap has a minor scratch, but the product works fine.",Packaging,Low,Log the aesthetic packaging issue and notify the production team. Thank the customer for bringing it to our attention.,72 hours,Surat,Navrangpura
"Hello team, The outer packaging box did not have the new brand logo on it. Need a response soon. Thanks.",Packaging,Low,Log the aesthetic packaging issue and notify the production team. Thank the customer for bringing it to our attention.,72 hours,Pune,Saket
Urgent: Our pharmacy order was double billed on the credit card. Charge shows $1500 twice.,Trade,High,"Contact the distributor/retailer immediately. Conduct an internal audit of the billing/shipping system, correct the invoice error, and escalate to the Sales Director.",24 hours,Surat,Satellite
"Complaint: Ordered 200 bulk units of protein shakes for our retail store, but the invoice shows we paid for 200 and received only 100. Batch No: BATCH-1339.",Trade,High,"Contact the distributor/retailer immediately. Conduct an internal audit of the billing/shipping system, correct the invoice error, and escalate to the Sales Director.",24 hours,Pune,Saket
"Dear Support, The wholesale invoice does not reflect the 25% distributor discount we agreed upon in our contract. Please resolve this.",Trade,High,"Contact the distributor/retailer immediately. Conduct an internal audit of the billing/shipping system, correct the invoice error, and escalate to the Sales Director.",24 hours,Ahmedabad,Baner
"We sent a payment of $5000 for order #TR8932 two weeks ago, but your warehouse team is withholding shipping.",Trade,High,"Contact the distributor/retailer immediately. Conduct an internal audit of the billing/shipping system, correct the invoice error, and escalate to the Sales Director.",24 hours,Mumbai,Dwarka
Complaint: We received a invoice billing us for 50 boxes of skin creams that we never ordered or received. Batch No: BATCH-8141.,Trade,High,"Contact the distributor/retailer immediately. Conduct an internal audit of the billing/shipping system, correct the invoice error, and escalate to the Sales Director.",24 hours,Mumbai,Satellite
Our wholesale distributor account was charged for a shipment that was cancelled in writing last month. I am very disappointed.,Trade,High,"Contact the distributor/retailer immediately. Conduct an internal audit of the billing/shipping system, correct the invoice error, and escalate to the Sales Director.",24 hours,Pune,Navrangpura
"Urgent: As a retail partner, we are losing sales because your system keeps generating incorrect trade prices.",Trade,High,"Contact the distributor/retailer immediately. Conduct an internal audit of the billing/shipping system, correct the invoice error, and escalate to the Sales Director.",24 hours,Pune,Satellite
Complaint: Our warehouse received a shipment where half the bulk boxes were empty. We need immediate billing correction. Batch No: BATCH-6403.,Trade,High,"Contact the distributor/retailer immediately. Conduct an internal audit of the billing/shipping system, correct the invoice error, and escalate to the Sales Director.",24 hours,Mumbai,Baner
Urgent: There is a pricing error on the B2B portal charging us double the distributor list price for wellness teas.,Trade,High,"Contact the distributor/retailer immediately. Conduct an internal audit of the billing/shipping system, correct the invoice error, and escalate to the Sales Director.",24 hours,Mumbai,Juhu
"Dear Support, We paid for express trade delivery, but our shipment has been stuck at your fulfillment center for 10 days. Please resolve this.",Trade,High,"Contact the distributor/retailer immediately. Conduct an internal audit of the billing/shipping system, correct the invoice error, and escalate to the Sales Director.",24 hours,Mumbai,Satellite
Urgent: Our pharmacy order was double billed on the credit card. Charge shows $1500 twice.,Trade,High,"Contact the distributor/retailer immediately. Conduct an internal audit of the billing/shipping system, correct the invoice error, and escalate to the Sales Director.",24 hours,Pune,Vesu
"Dear Support, Ordered 200 bulk units of protein shakes for our retail store, but the invoice shows we paid for 200 and received only 100. Please resolve this.",Trade,High,"Contact the distributor/retailer immediately. Conduct an internal audit of the billing/shipping system, correct the invoice error, and escalate to the Sales Director.",24 hours,Mumbai,Juhu
"Dear Support, The wholesale invoice does not reflect the 25% distributor discount we agreed upon in our contract. Please resolve this.",Trade,High,"Contact the distributor/retailer immediately. Conduct an internal audit of the billing/shipping system, correct the invoice error, and escalate to the Sales Director.",24 hours,Delhi,Baner
"We sent a payment of $5000 for order #TR8932 two weeks ago, but your warehouse team is withholding shipping. I am very disappointed.",Trade,High,"Contact the distributor/retailer immediately. Conduct an internal audit of the billing/shipping system, correct the invoice error, and escalate to the Sales Director.",24 hours,Surat,Bandra
We received a invoice billing us for 50 boxes of skin creams that we never ordered or received.,Trade,High,"Contact the distributor/retailer immediately. Conduct an internal audit of the billing/shipping system, correct the invoice error, and escalate to the Sales Director.",24 hours,Pune,Saket
Our wholesale distributor account was charged for a shipment that was cancelled in writing last month. I am very disappointed.,Trade,High,"Contact the distributor/retailer immediately. Conduct an internal audit of the billing/shipping system, correct the invoice error, and escalate to the Sales Director.",24 hours,Mumbai,Adajan
"Complaint: As a retail partner, we are losing sales because your system keeps generating incorrect trade prices. Batch No: BATCH-5375.",Trade,High,"Contact the distributor/retailer immediately. Conduct an internal audit of the billing/shipping system, correct the invoice error, and escalate to the Sales Director.",24 hours,Delhi,Kothrud
Urgent: Our warehouse received a shipment where half the bulk boxes were empty. We need immediate billing correction.,Trade,High,"Contact the distributor/retailer immediately. Conduct an internal audit of the billing/shipping system, correct the invoice error, and escalate to the Sales Director.",24 hours,Mumbai,Baner
"Dear Support, There is a pricing error on the B2B portal charging us double the distributor list price for wellness teas. Please resolve this.",Trade,High,"Contact the distributor/retailer immediately. Conduct an internal audit of the billing/shipping system, correct the invoice error, and escalate to the Sales Director.",24 hours,Surat,Saket
"Complaint: We paid for express trade delivery, but our shipment has been stuck at your fulfillment center for 10 days. Batch No: BATCH-3594.",Trade,High,"Contact the distributor/retailer immediately. Conduct an internal audit of the billing/shipping system, correct the invoice error, and escalate to the Sales Director.",24 hours,Pune,Juhu
"Dear Support, Our pharmacy order was double billed on the credit card. Charge shows $1500 twice. Please resolve this.",Trade,High,"Contact the distributor/retailer immediately. Conduct an internal audit of the billing/shipping system, correct the invoice error, and escalate to the Sales Director.",24 hours,Delhi,Navrangpura
"Dear Support, Ordered 200 bulk units of protein shakes for our retail store, but the invoice shows we paid for 200 and received only 100. Please resolve this.",Trade,High,"Contact the distributor/retailer immediately. Conduct an internal audit of the billing/shipping system, correct the invoice error, and escalate to the Sales Director.",24 hours,Ahmedabad,Satellite
The wholesale invoice does not reflect the 25% distributor discount we agreed upon in our contract. I am very disappointed.,Trade,High,"Contact the distributor/retailer immediately. Conduct an internal audit of the billing/shipping system, correct the invoice error, and escalate to the Sales Director.",24 hours,Surat,Kothrud
"We sent a payment of $5000 for order #TR8932 two weeks ago, but your warehouse team is withholding shipping. I am very disappointed.",Trade,High,"Contact the distributor/retailer immediately. Conduct an internal audit of the billing/shipping system, correct the invoice error, and escalate to the Sales Director.",24 hours,Pune,Juhu
"Hello team, We received a invoice billing us for 50 boxes of skin creams that we never ordered or received. Need a response soon. Thanks.",Trade,High,"Contact the distributor/retailer immediately. Conduct an internal audit of the billing/shipping system, correct the invoice error, and escalate to the Sales Director.",24 hours,Pune,Navrangpura
Our wholesale distributor account was charged for a shipment that was cancelled in writing last month. I am very disappointed.,Trade,High,"Contact the distributor/retailer immediately. Conduct an internal audit of the billing/shipping system, correct the invoice error, and escalate to the Sales Director.",24 hours,Mumbai,Bandra
"As a retail partner, we are losing sales because your system keeps generating incorrect trade prices. I am very disappointed.",Trade,High,"Contact the distributor/retailer immediately. Conduct an internal audit of the billing/shipping system, correct the invoice error, and escalate to the Sales Director.",24 hours,Delhi,Kothrud
Our warehouse received a shipment where half the bulk boxes were empty. We need immediate billing correction. I am very disappointed.,Trade,High,"Contact the distributor/retailer immediately. Conduct an internal audit of the billing/shipping system, correct the invoice error, and escalate to the Sales Director.",24 hours,Ahmedabad,Saket
There is a pricing error on the B2B portal charging us double the distributor list price for wellness teas.,Trade,High,"Contact the distributor/retailer immediately. Conduct an internal audit of the billing/shipping system, correct the invoice error, and escalate to the Sales Director.",24 hours,Ahmedabad,Satellite
"Urgent: We paid for express trade delivery, but our shipment has been stuck at your fulfillment center for 10 days.",Trade,High,"Contact the distributor/retailer immediately. Conduct an internal audit of the billing/shipping system, correct the invoice error, and escalate to the Sales Director.",24 hours,Mumbai,Vesu
Our pharmacy order was double billed on the credit card. Charge shows $1500 twice.,Trade,High,"Contact the distributor/retailer immediately. Conduct an internal audit of the billing/shipping system, correct the invoice error, and escalate to the Sales Director.",24 hours,Pune,Adajan
"Urgent: Ordered 200 bulk units of protein shakes for our retail store, but the invoice shows we paid for 200 and received only 100.",Trade,High,"Contact the distributor/retailer immediately. Conduct an internal audit of the billing/shipping system, correct the invoice error, and escalate to the Sales Director.",24 hours,Pune,Saket
The wholesale invoice does not reflect the 25% distributor discount we agreed upon in our contract.,Trade,High,"Contact the distributor/retailer immediately. Conduct an internal audit of the billing/shipping system, correct the invoice error, and escalate to the Sales Director.",24 hours,Mumbai,Kothrud
"We sent a payment of $5000 for order #TR8932 two weeks ago, but your warehouse team is withholding shipping. I am very disappointed.",Trade,High,"Contact the distributor/retailer immediately. Conduct an internal audit of the billing/shipping system, correct the invoice error, and escalate to the Sales Director.",24 hours,Delhi,Baner
Urgent: We received a invoice billing us for 50 boxes of skin creams that we never ordered or received.,Trade,High,"Contact the distributor/retailer immediately. Conduct an internal audit of the billing/shipping system, correct the invoice error, and escalate to the Sales Director.",24 hours,Pune,Juhu
Our wholesale distributor account was charged for a shipment that was cancelled in writing last month.,Trade,High,"Contact the distributor/retailer immediately. Conduct an internal audit of the billing/shipping system, correct the invoice error, and escalate to the Sales Director.",24 hours,Mumbai,Baner
"Urgent: As a retail partner, we are losing sales because your system keeps generating incorrect trade prices.",Trade,High,"Contact the distributor/retailer immediately. Conduct an internal audit of the billing/shipping system, correct the invoice error, and escalate to the Sales Director.",24 hours,Ahmedabad,Bandra
Our warehouse received a shipment where half the bulk boxes were empty. We need immediate billing correction.,Trade,High,"Contact the distributor/retailer immediately. Conduct an internal audit of the billing/shipping system, correct the invoice error, and escalate to the Sales Director.",24 hours,Mumbai,Bandra
There is a pricing error on the B2B portal charging us double the distributor list price for wellness teas. I am very disappointed.,Trade,High,"Contact the distributor/retailer immediately. Conduct an internal audit of the billing/shipping system, correct the invoice error, and escalate to the Sales Director.",24 hours,Surat,Vesu
"Hello team, We paid for express trade delivery, but our shipment has been stuck at your fulfillment center for 10 days. Need a response soon. Thanks.",Trade,High,"Contact the distributor/retailer immediately. Conduct an internal audit of the billing/shipping system, correct the invoice error, and escalate to the Sales Director.",24 hours,Mumbai,Navrangpura
Our pharmacy order was double billed on the credit card. Charge shows $1500 twice. I am very disappointed.,Trade,High,"Contact the distributor/retailer immediately. Conduct an internal audit of the billing/shipping system, correct the invoice error, and escalate to the Sales Director.",24 hours,Ahmedabad,Baner
"Dear Support, Ordered 200 bulk units of protein shakes for our retail store, but the invoice shows we paid for 200 and received only 100. Please resolve this.",Trade,High,"Contact the distributor/retailer immediately. Conduct an internal audit of the billing/shipping system, correct the invoice error, and escalate to the Sales Director.",24 hours,Ahmedabad,Juhu
The wholesale invoice does not reflect the 25% distributor discount we agreed upon in our contract.,Trade,High,"Contact the distributor/retailer immediately. Conduct an internal audit of the billing/shipping system, correct the invoice error, and escalate to the Sales Director.",24 hours,Pune,Satellite
"We sent a payment of $5000 for order #TR8932 two weeks ago, but your warehouse team is withholding shipping. I am very disappointed.",Trade,High,"Contact the distributor/retailer immediately. Conduct an internal audit of the billing/shipping system, correct the invoice error, and escalate to the Sales Director.",24 hours,Surat,Juhu
We received a invoice billing us for 50 boxes of skin creams that we never ordered or received. I am very disappointed.,Trade,High,"Contact the distributor/retailer immediately. Conduct an internal audit of the billing/shipping system, correct the invoice error, and escalate to the Sales Director.",24 hours,Surat,Kothrud
Our wholesale distributor account was charged for a shipment that was cancelled in writing last month. I am very disappointed.,Trade,High,"Contact the distributor/retailer immediately. Conduct an internal audit of the billing/shipping system, correct the invoice error, and escalate to the Sales Director.",24 hours,Ahmedabad,Satellite
"As a retail partner, we are losing sales because your system keeps generating incorrect trade prices. I am very disappointed.",Trade,High,"Contact the distributor/retailer immediately. Conduct an internal audit of the billing/shipping system, correct the invoice error, and escalate to the Sales Director.",24 hours,Pune,Vesu
Our warehouse received a shipment where half the bulk boxes were empty. We need immediate billing correction.,Trade,High,"Contact the distributor/retailer immediately. Conduct an internal audit of the billing/shipping system, correct the invoice error, and escalate to the Sales Director.",24 hours,Mumbai,Satellite
Urgent: There is a pricing error on the B2B portal charging us double the distributor list price for wellness teas.,Trade,High,"Contact the distributor/retailer immediately. Conduct an internal audit of the billing/shipping system, correct the invoice error, and escalate to the Sales Director.",24 hours,Delhi,Navrangpura
"Urgent: We paid for express trade delivery, but our shipment has been stuck at your fulfillment center for 10 days.",Trade,High,"Contact the distributor/retailer immediately. Conduct an internal audit of the billing/shipping system, correct the invoice error, and escalate to the Sales Director.",24 hours,Mumbai,Juhu
"Dear Support, The bulk delivery to our Surat store is delayed by 5 days, and our shelves are running out of stock. Please resolve this.",Trade,Medium,"Investigate shipment status with the courier partner. Provide an updated tracking link, and process a shipping fee refund if delayed beyond SLA.",48 hours,Delhi,Satellite
Complaint: The wholesale shipment arrived with 10 units of chocolate flavor instead of the vanilla flavor we ordered. Batch No: BATCH-5708.,Trade,Medium,"Investigate shipment status with the courier partner. Provide an updated tracking link, and process a shipping fee refund if delayed beyond SLA.",48 hours,Ahmedabad,Satellite
The tracking link for our retail store order is broken and shows an error message. I am very disappointed.,Trade,Medium,"Investigate shipment status with the courier partner. Provide an updated tracking link, and process a shipping fee refund if delayed beyond SLA.",48 hours,Surat,Satellite
"We received a consignment of health supplements, but 5 jars had expired date labels. I am very disappointed.",Trade,Medium,"Investigate shipment status with the courier partner. Provide an updated tracking link, and process a shipping fee refund if delayed beyond SLA.",48 hours,Ahmedabad,Dwarka
"Dear Support, The courier partner left the wholesale package outside our warehouse in the rain, damaging the outer cases. Please resolve this.",Trade,Medium,"Investigate shipment status with the courier partner. Provide an updated tracking link, and process a shipping fee refund if delayed beyond SLA.",48 hours,Surat,Vesu
"Dear Support, We requested a credit note for returned stock last month, but it has not been issued to our trade account yet. Please resolve this.",Trade,Medium,"Investigate shipment status with the courier partner. Provide an updated tracking link, and process a shipping fee refund if delayed beyond SLA.",48 hours,Pune,Vesu
Urgent: Our retail order was shipped to our old Pune office address instead of our new Ahmedabad warehouse.,Trade,Medium,"Investigate shipment status with the courier partner. Provide an updated tracking link, and process a shipping fee refund if delayed beyond SLA.",48 hours,Mumbai,Kothrud
Complaint: The delivery driver refused to unload the bulk pallet at our loading dock as agreed. Batch No: BATCH-9702.,Trade,Medium,"Investigate shipment status with the courier partner. Provide an updated tracking link, and process a shipping fee refund if delayed beyond SLA.",48 hours,Mumbai,Saket
"Hello team, We received the shipping notification for our wholesale order, but the courier has not picked it up yet. Need a response soon. Thanks.",Trade,Medium,"Investigate shipment status with the courier partner. Provide an updated tracking link, and process a shipping fee refund if delayed beyond SLA.",48 hours,Ahmedabad,Kothrud
Complaint: Could you update the delivery date for retail order #TR992? We need to schedule staff for unloading. Batch No: BATCH-2293.,Trade,Medium,"Investigate shipment status with the courier partner. Provide an updated tracking link, and process a shipping fee refund if delayed beyond SLA.",48 hours,Delhi,Navrangpura
"The bulk delivery to our Surat store is delayed by 5 days, and our shelves are running out of stock.",Trade,Medium,"Investigate shipment status with the courier partner. Provide an updated tracking link, and process a shipping fee refund if delayed beyond SLA.",48 hours,Ahmedabad,Baner
The wholesale shipment arrived with 10 units of chocolate flavor instead of the vanilla flavor we ordered.,Trade,Medium,"Investigate shipment status with the courier partner. Provide an updated tracking link, and process a shipping fee refund if delayed beyond SLA.",48 hours,Ahmedabad,Bandra
The tracking link for our retail store order is broken and shows an error message. I am very disappointed.,Trade,Medium,"Investigate shipment status with the courier partner. Provide an updated tracking link, and process a shipping fee refund if delayed beyond SLA.",48 hours,Pune,Baner
"Urgent: We received a consignment of health supplements, but 5 jars had expired date labels.",Trade,Medium,"Investigate shipment status with the courier partner. Provide an updated tracking link, and process a shipping fee refund if delayed beyond SLA.",48 hours,Surat,Baner
"Urgent: The courier partner left the wholesale package outside our warehouse in the rain, damaging the outer cases.",Trade,Medium,"Investigate shipment status with the courier partner. Provide an updated tracking link, and process a shipping fee refund if delayed beyond SLA.",48 hours,Delhi,Kothrud
"Dear Support, We requested a credit note for returned stock last month, but it has not been issued to our trade account yet. Please resolve this.",Trade,Medium,"Investigate shipment status with the courier partner. Provide an updated tracking link, and process a shipping fee refund if delayed beyond SLA.",48 hours,Mumbai,Vesu
Our retail order was shipped to our old Pune office address instead of our new Ahmedabad warehouse.,Trade,Medium,"Investigate shipment status with the courier partner. Provide an updated tracking link, and process a shipping fee refund if delayed beyond SLA.",48 hours,Pune,Navrangpura
"Hello team, The delivery driver refused to unload the bulk pallet at our loading dock as agreed. Need a response soon. Thanks.",Trade,Medium,"Investigate shipment status with the courier partner. Provide an updated tracking link, and process a shipping fee refund if delayed beyond SLA.",48 hours,Pune,Baner
"Urgent: We received the shipping notification for our wholesale order, but the courier has not picked it up yet.",Trade,Medium,"Investigate shipment status with the courier partner. Provide an updated tracking link, and process a shipping fee refund if delayed beyond SLA.",48 hours,Ahmedabad,Navrangpura
Could you update the delivery date for retail order #TR992? We need to schedule staff for unloading. I am very disappointed.,Trade,Medium,"Investigate shipment status with the courier partner. Provide an updated tracking link, and process a shipping fee refund if delayed beyond SLA.",48 hours,Surat,Bandra
"The bulk delivery to our Surat store is delayed by 5 days, and our shelves are running out of stock. I am very disappointed.",Trade,Medium,"Investigate shipment status with the courier partner. Provide an updated tracking link, and process a shipping fee refund if delayed beyond SLA.",48 hours,Delhi,Vesu
The wholesale shipment arrived with 10 units of chocolate flavor instead of the vanilla flavor we ordered.,Trade,Medium,"Investigate shipment status with the courier partner. Provide an updated tracking link, and process a shipping fee refund if delayed beyond SLA.",48 hours,Pune,Dwarka
"Dear Support, The tracking link for our retail store order is broken and shows an error message. Please resolve this.",Trade,Medium,"Investigate shipment status with the courier partner. Provide an updated tracking link, and process a shipping fee refund if delayed beyond SLA.",48 hours,Mumbai,Dwarka
"Dear Support, We received a consignment of health supplements, but 5 jars had expired date labels. Please resolve this.",Trade,Medium,"Investigate shipment status with the courier partner. Provide an updated tracking link, and process a shipping fee refund if delayed beyond SLA.",48 hours,Delhi,Adajan
"The courier partner left the wholesale package outside our warehouse in the rain, damaging the outer cases.",Trade,Medium,"Investigate shipment status with the courier partner. Provide an updated tracking link, and process a shipping fee refund if delayed beyond SLA.",48 hours,Mumbai,Dwarka
"Complaint: We requested a credit note for returned stock last month, but it has not been issued to our trade account yet. Batch No: BATCH-6772.",Trade,Medium,"Investigate shipment status with the courier partner. Provide an updated tracking link, and process a shipping fee refund if delayed beyond SLA.",48 hours,Ahmedabad,Bandra
Our retail order was shipped to our old Pune office address instead of our new Ahmedabad warehouse.,Trade,Medium,"Investigate shipment status with the courier partner. Provide an updated tracking link, and process a shipping fee refund if delayed beyond SLA.",48 hours,Pune,Kothrud
"Hello team, The delivery driver refused to unload the bulk pallet at our loading dock as agreed. Need a response soon. Thanks.",Trade,Medium,"Investigate shipment status with the courier partner. Provide an updated tracking link, and process a shipping fee refund if delayed beyond SLA.",48 hours,Surat,Adajan
"Urgent: We received the shipping notification for our wholesale order, but the courier has not picked it up yet.",Trade,Medium,"Investigate shipment status with the courier partner. Provide an updated tracking link, and process a shipping fee refund if delayed beyond SLA.",48 hours,Mumbai,Adajan
Could you update the delivery date for retail order #TR992? We need to schedule staff for unloading.,Trade,Medium,"Investigate shipment status with the courier partner. Provide an updated tracking link, and process a shipping fee refund if delayed beyond SLA.",48 hours,Pune,Kothrud
"Dear Support, The bulk delivery to our Surat store is delayed by 5 days, and our shelves are running out of stock. Please resolve this.",Trade,Medium,"Investigate shipment status with the courier partner. Provide an updated tracking link, and process a shipping fee refund if delayed beyond SLA.",48 hours,Pune,Vesu
"Hello team, The wholesale shipment arrived with 10 units of chocolate flavor instead of the vanilla flavor we ordered. Need a response soon. Thanks.",Trade,Medium,"Investigate shipment status with the courier partner. Provide an updated tracking link, and process a shipping fee refund if delayed beyond SLA.",48 hours,Mumbai,Kothrud
Complaint: The tracking link for our retail store order is broken and shows an error message. Batch No: BATCH-3165.,Trade,Medium,"Investigate shipment status with the courier partner. Provide an updated tracking link, and process a shipping fee refund if delayed beyond SLA.",48 hours,Delhi,Vesu
"We received a consignment of health supplements, but 5 jars had expired date labels.",Trade,Medium,"Investigate shipment status with the courier partner. Provide an updated tracking link, and process a shipping fee refund if delayed beyond SLA.",48 hours,Delhi,Dwarka
"Complaint: The courier partner left the wholesale package outside our warehouse in the rain, damaging the outer cases. Batch No: BATCH-5210.",Trade,Medium,"Investigate shipment status with the courier partner. Provide an updated tracking link, and process a shipping fee refund if delayed beyond SLA.",48 hours,Mumbai,Dwarka
"Hello team, We requested a credit note for returned stock last month, but it has not been issued to our trade account yet. Need a response soon. Thanks.",Trade,Medium,"Investigate shipment status with the courier partner. Provide an updated tracking link, and process a shipping fee refund if delayed beyond SLA.",48 hours,Pune,Satellite
Our retail order was shipped to our old Pune office address instead of our new Ahmedabad warehouse. I am very disappointed.,Trade,Medium,"Investigate shipment status with the courier partner. Provide an updated tracking link, and process a shipping fee refund if delayed beyond SLA.",48 hours,Surat,Kothrud
Complaint: The delivery driver refused to unload the bulk pallet at our loading dock as agreed. Batch No: BATCH-7511.,Trade,Medium,"Investigate shipment status with the courier partner. Provide an updated tracking link, and process a shipping fee refund if delayed beyond SLA.",48 hours,Delhi,Vesu
"Dear Support, We received the shipping notification for our wholesale order, but the courier has not picked it up yet. Please resolve this.",Trade,Medium,"Investigate shipment status with the courier partner. Provide an updated tracking link, and process a shipping fee refund if delayed beyond SLA.",48 hours,Mumbai,Adajan
Urgent: Could you update the delivery date for retail order #TR992? We need to schedule staff for unloading.,Trade,Medium,"Investigate shipment status with the courier partner. Provide an updated tracking link, and process a shipping fee refund if delayed beyond SLA.",48 hours,Delhi,Satellite
"The bulk delivery to our Surat store is delayed by 5 days, and our shelves are running out of stock. I am very disappointed.",Trade,Medium,"Investigate shipment status with the courier partner. Provide an updated tracking link, and process a shipping fee refund if delayed beyond SLA.",48 hours,Pune,Dwarka
The wholesale shipment arrived with 10 units of chocolate flavor instead of the vanilla flavor we ordered.,Trade,Medium,"Investigate shipment status with the courier partner. Provide an updated tracking link, and process a shipping fee refund if delayed beyond SLA.",48 hours,Mumbai,Vesu
"Dear Support, The tracking link for our retail store order is broken and shows an error message. Please resolve this.",Trade,Medium,"Investigate shipment status with the courier partner. Provide an updated tracking link, and process a shipping fee refund if delayed beyond SLA.",48 hours,Ahmedabad,Baner
"Dear Support, We received a consignment of health supplements, but 5 jars had expired date labels. Please resolve this.",Trade,Medium,"Investigate shipment status with the courier partner. Provide an updated tracking link, and process a shipping fee refund if delayed beyond SLA.",48 hours,Delhi,Juhu
"Urgent: The courier partner left the wholesale package outside our warehouse in the rain, damaging the outer cases.",Trade,Medium,"Investigate shipment status with the courier partner. Provide an updated tracking link, and process a shipping fee refund if delayed beyond SLA.",48 hours,Delhi,Bandra
"Hello team, We requested a credit note for returned stock last month, but it has not been issued to our trade account yet. Need a response soon. Thanks.",Trade,Medium,"Investigate shipment status with the courier partner. Provide an updated tracking link, and process a shipping fee refund if delayed beyond SLA.",48 hours,Surat,Baner
"Hello team, Our retail order was shipped to our old Pune office address instead of our new Ahmedabad warehouse. Need a response soon. Thanks.",Trade,Medium,"Investigate shipment status with the courier partner. Provide an updated tracking link, and process a shipping fee refund if delayed beyond SLA.",48 hours,Pune,Navrangpura
"Dear Support, The delivery driver refused to unload the bulk pallet at our loading dock as agreed. Please resolve this.",Trade,Medium,"Investigate shipment status with the courier partner. Provide an updated tracking link, and process a shipping fee refund if delayed beyond SLA.",48 hours,Ahmedabad,Adajan
"Dear Support, We received the shipping notification for our wholesale order, but the courier has not picked it up yet. Please resolve this.",Trade,Medium,"Investigate shipment status with the courier partner. Provide an updated tracking link, and process a shipping fee refund if delayed beyond SLA.",48 hours,Pune,Baner
"Dear Support, Could you update the delivery date for retail order #TR992? We need to schedule staff for unloading. Please resolve this.",Trade,Medium,"Investigate shipment status with the courier partner. Provide an updated tracking link, and process a shipping fee refund if delayed beyond SLA.",48 hours,Surat,Bandra
Please send the updated wholesale product catalog and retail pricing sheet for 2026.,Trade,Low,"Acknowledge the distributor inquiry. Provide catalog/stock details, and update them with estimated replenishment timelines.",72 hours,Ahmedabad,Navrangpura
We want to know when the organic herbal tea will be back in stock for wholesale ordering. I am very disappointed.,Trade,Low,"Acknowledge the distributor inquiry. Provide catalog/stock details, and update them with estimated replenishment timelines.",72 hours,Pune,Juhu
Can we request a copy of the monthly statement for our distributor account? I am very disappointed.,Trade,Low,"Acknowledge the distributor inquiry. Provide catalog/stock details, and update them with estimated replenishment timelines.",72 hours,Delhi,Kothrud
Do you offer free shipping for retail partner orders exceeding $2000? I am very disappointed.,Trade,Low,"Acknowledge the distributor inquiry. Provide catalog/stock details, and update them with estimated replenishment timelines.",72 hours,Surat,Baner
We would like to register a new retail outlet under our distributor profile.,Trade,Low,"Acknowledge the distributor inquiry. Provide catalog/stock details, and update them with estimated replenishment timelines.",72 hours,Mumbai,Dwarka
"Dear Support, Could you change the primary contact email for our trade billing department? Please resolve this.",Trade,Low,"Acknowledge the distributor inquiry. Provide catalog/stock details, and update them with estimated replenishment timelines.",72 hours,Pune,Bandra
We wanted to inquire about the minimum order quantity (MOQ) for the new collagen creams. I am very disappointed.,Trade,Low,"Acknowledge the distributor inquiry. Provide catalog/stock details, and update them with estimated replenishment timelines.",72 hours,Mumbai,Bandra
Urgent: Does the trade discount apply to the holiday wellness bundle as well?,Trade,Low,"Acknowledge the distributor inquiry. Provide catalog/stock details, and update them with estimated replenishment timelines.",72 hours,Surat,Vesu
Is there a retail training module available for your new range of vitamins?,Trade,Low,"Acknowledge the distributor inquiry. Provide catalog/stock details, and update them with estimated replenishment timelines.",72 hours,Pune,Adajan
We need an excel version of the product ingredient list for our retail website. I am very disappointed.,Trade,Low,"Acknowledge the distributor inquiry. Provide catalog/stock details, and update them with estimated replenishment timelines.",72 hours,Pune,Bandra
"Dear Support, Please send the updated wholesale product catalog and retail pricing sheet for 2026. Please resolve this.",Trade,Low,"Acknowledge the distributor inquiry. Provide catalog/stock details, and update them with estimated replenishment timelines.",72 hours,Mumbai,Satellite
"Hello team, We want to know when the organic herbal tea will be back in stock for wholesale ordering. Need a response soon. Thanks.",Trade,Low,"Acknowledge the distributor inquiry. Provide catalog/stock details, and update them with estimated replenishment timelines.",72 hours,Ahmedabad,Saket
"Dear Support, Can we request a copy of the monthly statement for our distributor account? Please resolve this.",Trade,Low,"Acknowledge the distributor inquiry. Provide catalog/stock details, and update them with estimated replenishment timelines.",72 hours,Surat,Vesu
Complaint: Do you offer free shipping for retail partner orders exceeding $2000? Batch No: BATCH-3063.,Trade,Low,"Acknowledge the distributor inquiry. Provide catalog/stock details, and update them with estimated replenishment timelines.",72 hours,Delhi,Bandra
"Dear Support, We would like to register a new retail outlet under our distributor profile. Please resolve this.",Trade,Low,"Acknowledge the distributor inquiry. Provide catalog/stock details, and update them with estimated replenishment timelines.",72 hours,Delhi,Bandra
Could you change the primary contact email for our trade billing department?,Trade,Low,"Acknowledge the distributor inquiry. Provide catalog/stock details, and update them with estimated replenishment timelines.",72 hours,Ahmedabad,Bandra
Urgent: We wanted to inquire about the minimum order quantity (MOQ) for the new collagen creams.,Trade,Low,"Acknowledge the distributor inquiry. Provide catalog/stock details, and update them with estimated replenishment timelines.",72 hours,Ahmedabad,Saket
"Dear Support, Does the trade discount apply to the holiday wellness bundle as well? Please resolve this.",Trade,Low,"Acknowledge the distributor inquiry. Provide catalog/stock details, and update them with estimated replenishment timelines.",72 hours,Pune,Kothrud
Complaint: Is there a retail training module available for your new range of vitamins? Batch No: BATCH-9850.,Trade,Low,"Acknowledge the distributor inquiry. Provide catalog/stock details, and update them with estimated replenishment timelines.",72 hours,Pune,Kothrud
"Dear Support, We need an excel version of the product ingredient list for our retail website. Please resolve this.",Trade,Low,"Acknowledge the distributor inquiry. Provide catalog/stock details, and update them with estimated replenishment timelines.",72 hours,Surat,Kothrud
"Dear Support, Please send the updated wholesale product catalog and retail pricing sheet for 2026. Please resolve this.",Trade,Low,"Acknowledge the distributor inquiry. Provide catalog/stock details, and update them with estimated replenishment timelines.",72 hours,Pune,Bandra
We want to know when the organic herbal tea will be back in stock for wholesale ordering.,Trade,Low,"Acknowledge the distributor inquiry. Provide catalog/stock details, and update them with estimated replenishment timelines.",72 hours,Pune,Adajan
Complaint: Can we request a copy of the monthly statement for our distributor account? Batch No: BATCH-5347.,Trade,Low,"Acknowledge the distributor inquiry. Provide catalog/stock details, and update them with estimated replenishment timelines.",72 hours,Surat,Kothrud
"Hello team, Do you offer free shipping for retail partner orders exceeding $2000? Need a response soon. Thanks.",Trade,Low,"Acknowledge the distributor inquiry. Provide catalog/stock details, and update them with estimated replenishment timelines.",72 hours,Mumbai,Juhu
"Dear Support, We would like to register a new retail outlet under our distributor profile. Please resolve this.",Trade,Low,"Acknowledge the distributor inquiry. Provide catalog/stock details, and update them with estimated replenishment timelines.",72 hours,Surat,Baner
Could you change the primary contact email for our trade billing department? I am very disappointed.,Trade,Low,"Acknowledge the distributor inquiry. Provide catalog/stock details, and update them with estimated replenishment timelines.",72 hours,Pune,Juhu
We wanted to inquire about the minimum order quantity (MOQ) for the new collagen creams.,Trade,Low,"Acknowledge the distributor inquiry. Provide catalog/stock details, and update them with estimated replenishment timelines.",72 hours,Surat,Baner
Does the trade discount apply to the holiday wellness bundle as well?,Trade,Low,"Acknowledge the distributor inquiry. Provide catalog/stock details, and update them with estimated replenishment timelines.",72 hours,Ahmedabad,Saket
"Dear Support, Is there a retail training module available for your new range of vitamins? Please resolve this.",Trade,Low,"Acknowledge the distributor inquiry. Provide catalog/stock details, and update them with estimated replenishment timelines.",72 hours,Delhi,Dwarka
We need an excel version of the product ingredient list for our retail website. I am very disappointed.,Trade,Low,"Acknowledge the distributor inquiry. Provide catalog/stock details, and update them with estimated replenishment timelines.",72 hours,Surat,Adajan
Please send the updated wholesale product catalog and retail pricing sheet for 2026. I am very disappointed.,Trade,Low,"Acknowledge the distributor inquiry. Provide catalog/stock details, and update them with estimated replenishment timelines.",72 hours,Mumbai,Navrangpura
"Hello team, We want to know when the organic herbal tea will be back in stock for wholesale ordering. Need a response soon. Thanks.",Trade,Low,"Acknowledge the distributor inquiry. Provide catalog/stock details, and update them with estimated replenishment timelines.",72 hours,Surat,Baner
"Hello team, Can we request a copy of the monthly statement for our distributor account? Need a response soon. Thanks.",Trade,Low,"Acknowledge the distributor inquiry. Provide catalog/stock details, and update them with estimated replenishment timelines.",72 hours,Mumbai,Satellite
"Dear Support, Do you offer free shipping for retail partner orders exceeding $2000? Please resolve this.",Trade,Low,"Acknowledge the distributor inquiry. Provide catalog/stock details, and update them with estimated replenishment timelines.",72 hours,Pune,Saket
Complaint: We would like to register a new retail outlet under our distributor profile. Batch No: BATCH-2076.,Trade,Low,"Acknowledge the distributor inquiry. Provide catalog/stock details, and update them with estimated replenishment timelines.",72 hours,Ahmedabad,Dwarka
Could you change the primary contact email for our trade billing department?,Trade,Low,"Acknowledge the distributor inquiry. Provide catalog/stock details, and update them with estimated replenishment timelines.",72 hours,Delhi,Juhu
"Hello team, We wanted to inquire about the minimum order quantity (MOQ) for the new collagen creams. Need a response soon. Thanks.",Trade,Low,"Acknowledge the distributor inquiry. Provide catalog/stock details, and update them with estimated replenishment timelines.",72 hours,Pune,Navrangpura
Does the trade discount apply to the holiday wellness bundle as well?,Trade,Low,"Acknowledge the distributor inquiry. Provide catalog/stock details, and update them with estimated replenishment timelines.",72 hours,Delhi,Dwarka
Is there a retail training module available for your new range of vitamins? I am very disappointed.,Trade,Low,"Acknowledge the distributor inquiry. Provide catalog/stock details, and update them with estimated replenishment timelines.",72 hours,Delhi,Saket
We need an excel version of the product ingredient list for our retail website. I am very disappointed.,Trade,Low,"Acknowledge the distributor inquiry. Provide catalog/stock details, and update them with estimated replenishment timelines.",72 hours,Surat,Satellite
"Hello team, Please send the updated wholesale product catalog and retail pricing sheet for 2026. Need a response soon. Thanks.",Trade,Low,"Acknowledge the distributor inquiry. Provide catalog/stock details, and update them with estimated replenishment timelines.",72 hours,Delhi,Bandra
We want to know when the organic herbal tea will be back in stock for wholesale ordering. I am very disappointed.,Trade,Low,"Acknowledge the distributor inquiry. Provide catalog/stock details, and update them with estimated replenishment timelines.",72 hours,Mumbai,Bandra
Can we request a copy of the monthly statement for our distributor account? I am very disappointed.,Trade,Low,"Acknowledge the distributor inquiry. Provide catalog/stock details, and update them with estimated replenishment timelines.",72 hours,Pune,Baner
Do you offer free shipping for retail partner orders exceeding $2000? I am very disappointed.,Trade,Low,"Acknowledge the distributor inquiry. Provide catalog/stock details, and update them with estimated replenishment timelines.",72 hours,Mumbai,Satellite
Urgent: We would like to register a new retail outlet under our distributor profile.,Trade,Low,"Acknowledge the distributor inquiry. Provide catalog/stock details, and update them with estimated replenishment timelines.",72 hours,Mumbai,Vesu
"Hello team, Could you change the primary contact email for our trade billing department? Need a response soon. Thanks.",Trade,Low,"Acknowledge the distributor inquiry. Provide catalog/stock details, and update them with estimated replenishment timelines.",72 hours,Pune,Vesu
Complaint: We wanted to inquire about the minimum order quantity (MOQ) for the new collagen creams. Batch No: BATCH-8770.,Trade,Low,"Acknowledge the distributor inquiry. Provide catalog/stock details, and update them with estimated replenishment timelines.",72 hours,Surat,Satellite
"Dear Support, Does the trade discount apply to the holiday wellness bundle as well? Please resolve this.",Trade,Low,"Acknowledge the distributor inquiry. Provide catalog/stock details, and update them with estimated replenishment timelines.",72 hours,Surat,Navrangpura
"Dear Support, Is there a retail training module available for your new range of vitamins? Please resolve this.",Trade,Low,"Acknowledge the distributor inquiry. Provide catalog/stock details, and update them with estimated replenishment timelines.",72 hours,Pune,Kothrud
We need an excel version of the product ingredient list for our retail website.,Trade,Low,"Acknowledge the distributor inquiry. Provide catalog/stock details, and update them with estimated replenishment timelines.",72 hours,Surat,Saket
